{
   "dashboards": [{
      "autoswitchDelay": 300,
      "autoswitchEnabled": false,
      "autoswitchTabId": "null",
      "columnCount": 1,
      "columnProportion": "1",
      "creationTime": 1578592316974,
      "dashboardNavigations": {},
      "description": "",
      "disabled": false,
      "gridsterMaxColumns": 12,
      "hidden": false,
      "homeTab": false,
      "id": "aeb185fd-6a74-490b-85c9-881b4b9e6e57",
      "importAttempts": 0,
      "importComplete": true,
      "lastUpdateTime": 1588187223123,
      "lastUpdateUserId": "6df558f7-25df-4222-96b9-ade784399d19",
      "locked": false,
      "name": "Shared Dashboards (GBrandon)/Capacity/VM Rightsizing Details",
      "namePath": "Shared Dashboards (GBrandon)/Capacity",
      "rank": 0,
      "shared": true,
      "states": [{
         "key": "permDashboardTime_dashboard_aeb185fd-6a74-490b-85c9-881b4b9e6e57",
         "value": "o%3AdateRange%3Ds%253Alast7Days%5EdateRangeText%3Ds%253A7D"
      }],
      "temporary": false,
      "userId": "6df558f7-25df-4222-96b9-ade784399d19",
      "widgetInteractions": [
         {
            "type": "resourceId",
            "widgetIdProvider": "23cafbbb-0bec-4d61-92d8-25ee557d615b",
            "widgetIdReceiver": "1e04e514-4512-4a06-a4f6-c9d7fd9e79f0"
         },
         {
            "type": "resourceId",
            "widgetIdProvider": "8cafbb61-9566-4cca-b744-60efb369a80b",
            "widgetIdReceiver": "1e04e514-4512-4a06-a4f6-c9d7fd9e79f0"
         },
         {
            "type": "resourceId",
            "widgetIdProvider": "23cafbbb-0bec-4d61-92d8-25ee557d615b",
            "widgetIdReceiver": "472b8f2b-6afe-4160-b293-f84211328e04"
         },
         {
            "type": "resourceId",
            "widgetIdProvider": "8cafbb61-9566-4cca-b744-60efb369a80b",
            "widgetIdReceiver": "472b8f2b-6afe-4160-b293-f84211328e04"
         },
         {
            "type": "resourceId",
            "widgetIdProvider": "5593291c-bc8c-4102-8394-1202faf18444",
            "widgetIdReceiver": "23cafbbb-0bec-4d61-92d8-25ee557d615b"
         },
         {
            "type": "resourceId",
            "widgetIdProvider": "5593291c-bc8c-4102-8394-1202faf18444",
            "widgetIdReceiver": "8cafbb61-9566-4cca-b744-60efb369a80b"
         },
         {
            "type": "resourceId",
            "widgetIdProvider": "23cafbbb-0bec-4d61-92d8-25ee557d615b",
            "widgetIdReceiver": "a157dfd9-0adc-417d-9b6d-c2255ce23761"
         },
         {
            "type": "resourceId",
            "widgetIdProvider": "23cafbbb-0bec-4d61-92d8-25ee557d615b",
            "widgetIdReceiver": "b797ea1d-64f7-4e40-a08f-6eb61089ce64"
         },
         {
            "type": "resourceId",
            "widgetIdProvider": "23cafbbb-0bec-4d61-92d8-25ee557d615b",
            "widgetIdReceiver": "d505d77a-1b2b-40ba-b87c-d28ffa252583"
         },
         {
            "type": "resourceId",
            "widgetIdProvider": "23cafbbb-0bec-4d61-92d8-25ee557d615b",
            "widgetIdReceiver": "43a83319-775b-48b9-8f57-1c1d6282c28f"
         },
         {
            "type": "resourceId",
            "widgetIdProvider": "23cafbbb-0bec-4d61-92d8-25ee557d615b",
            "widgetIdReceiver": "f0299231-c6c6-4333-a1b9-59a2fd1be7b9"
         },
         {
            "type": "resourceId",
            "widgetIdProvider": "23cafbbb-0bec-4d61-92d8-25ee557d615b",
            "widgetIdReceiver": "cd70b7d6-ebcb-41f6-a6a5-dccdc8c7c0fb"
         },
         {
            "type": "resourceId",
            "widgetIdProvider": "8cafbb61-9566-4cca-b744-60efb369a80b",
            "widgetIdReceiver": "a157dfd9-0adc-417d-9b6d-c2255ce23761"
         },
         {
            "type": "resourceId",
            "widgetIdProvider": "8cafbb61-9566-4cca-b744-60efb369a80b",
            "widgetIdReceiver": "b797ea1d-64f7-4e40-a08f-6eb61089ce64"
         },
         {
            "type": "resourceId",
            "widgetIdProvider": "8cafbb61-9566-4cca-b744-60efb369a80b",
            "widgetIdReceiver": "d505d77a-1b2b-40ba-b87c-d28ffa252583"
         },
         {
            "type": "resourceId",
            "widgetIdProvider": "8cafbb61-9566-4cca-b744-60efb369a80b",
            "widgetIdReceiver": "43a83319-775b-48b9-8f57-1c1d6282c28f"
         },
         {
            "type": "resourceId",
            "widgetIdProvider": "8cafbb61-9566-4cca-b744-60efb369a80b",
            "widgetIdReceiver": "f0299231-c6c6-4333-a1b9-59a2fd1be7b9"
         },
         {
            "type": "resourceId",
            "widgetIdProvider": "8cafbb61-9566-4cca-b744-60efb369a80b",
            "widgetIdReceiver": "cd70b7d6-ebcb-41f6-a6a5-dccdc8c7c0fb"
         },
         {
            "type": "resourceId",
            "widgetIdProvider": "8cafbb61-9566-4cca-b744-60efb369a80b",
            "widgetIdReceiver": "73aec801-440d-4029-9025-9b8fcc843147"
         },
         {
            "type": "resourceId",
            "widgetIdProvider": "8cafbb61-9566-4cca-b744-60efb369a80b",
            "widgetIdReceiver": "e7b44eb4-75db-4564-8942-79960aa5a3cc"
         },
         {
            "type": "resourceId",
            "widgetIdProvider": "8cafbb61-9566-4cca-b744-60efb369a80b",
            "widgetIdReceiver": "334d2c61-2880-4b81-93e8-5661881b1a19"
         },
         {
            "type": "resourceId",
            "widgetIdProvider": "23cafbbb-0bec-4d61-92d8-25ee557d615b",
            "widgetIdReceiver": "73aec801-440d-4029-9025-9b8fcc843147"
         },
         {
            "type": "resourceId",
            "widgetIdProvider": "23cafbbb-0bec-4d61-92d8-25ee557d615b",
            "widgetIdReceiver": "e7b44eb4-75db-4564-8942-79960aa5a3cc"
         },
         {
            "type": "resourceId",
            "widgetIdProvider": "23cafbbb-0bec-4d61-92d8-25ee557d615b",
            "widgetIdReceiver": "334d2c61-2880-4b81-93e8-5661881b1a19"
         },
         {
            "type": "resourceId",
            "widgetIdProvider": "42b79518-790a-4bfd-a640-206697c5a33b",
            "widgetIdReceiver": "73aec801-440d-4029-9025-9b8fcc843147"
         },
         {
            "type": "resourceId",
            "widgetIdProvider": "42b79518-790a-4bfd-a640-206697c5a33b",
            "widgetIdReceiver": "e7b44eb4-75db-4564-8942-79960aa5a3cc"
         },
         {
            "type": "resourceId",
            "widgetIdProvider": "42b79518-790a-4bfd-a640-206697c5a33b",
            "widgetIdReceiver": "334d2c61-2880-4b81-93e8-5661881b1a19"
         },
         {
            "type": "resourceId",
            "widgetIdProvider": "42b79518-790a-4bfd-a640-206697c5a33b",
            "widgetIdReceiver": "1e04e514-4512-4a06-a4f6-c9d7fd9e79f0"
         },
         {
            "type": "resourceId",
            "widgetIdProvider": "42b79518-790a-4bfd-a640-206697c5a33b",
            "widgetIdReceiver": "472b8f2b-6afe-4160-b293-f84211328e04"
         },
         {
            "type": "resourceId",
            "widgetIdProvider": "42b79518-790a-4bfd-a640-206697c5a33b",
            "widgetIdReceiver": "a157dfd9-0adc-417d-9b6d-c2255ce23761"
         },
         {
            "type": "resourceId",
            "widgetIdProvider": "42b79518-790a-4bfd-a640-206697c5a33b",
            "widgetIdReceiver": "43a83319-775b-48b9-8f57-1c1d6282c28f"
         },
         {
            "type": "resourceId",
            "widgetIdProvider": "42b79518-790a-4bfd-a640-206697c5a33b",
            "widgetIdReceiver": "b797ea1d-64f7-4e40-a08f-6eb61089ce64"
         },
         {
            "type": "resourceId",
            "widgetIdProvider": "42b79518-790a-4bfd-a640-206697c5a33b",
            "widgetIdReceiver": "f0299231-c6c6-4333-a1b9-59a2fd1be7b9"
         },
         {
            "type": "resourceId",
            "widgetIdProvider": "42b79518-790a-4bfd-a640-206697c5a33b",
            "widgetIdReceiver": "cd70b7d6-ebcb-41f6-a6a5-dccdc8c7c0fb"
         },
         {
            "type": "resourceId",
            "widgetIdProvider": "42b79518-790a-4bfd-a640-206697c5a33b",
            "widgetIdReceiver": "d505d77a-1b2b-40ba-b87c-d28ffa252583"
         }
      ],
      "widgets": [
         {
            "collapsed": false,
            "config": {
               "chartViewItems": [],
               "isUpdatedView": true,
               "refreshContent": {"refreshContent": false},
               "refreshInterval": 300,
               "resource": null,
               "selectFirstRow": {"selectFirstRow": false},
               "selfProvider": {"selfProvider": false},
               "title": "2B. Select an Oversized VM",
               "traversalSpecId": "",
               "viewDefinitionId": "65e94db7-bd19-4758-9f25-9da501403772"
            },
            "gridsterCoords": {
               "h": 6,
               "w": 9,
               "x": 4,
               "y": 16
            },
            "height": 324,
            "id": "23cafbbb-0bec-4d61-92d8-25ee557d615b",
            "states": [
               {
                  "key": "permSelectedDate_widget_aeb185fd-6a74-490b-85c9-881b4b9e6e57_23cafbbb-0bec-4d61-92d8-25ee557d615b",
                  "value": "s%3A%7B%22minType%22%3A%22.TimeIntervalControl%22%2C%22advancedTimeMode%22%3Afalse%2C%22fromTime%22%3Anull%2C%22unit%22%3A%22DAYS%22%2C%22count%22%3A60%2C%22priorUnit%22%3Anull%2C%22priorCount%22%3Anull%2C%22startSubUnit%22%3Anull%2C%22startPeriod%22%3Anull%2C%22toTime%22%3Anull%2C%22endUnit%22%3Anull%2C%22endCount%22%3Anull%2C%22endSubUnit%22%3Anull%2C%22endPeriod%22%3Anull%7D"
               },
               {
                  "key": "perm_toolbarVisible_widget_aeb185fd-6a74-490b-85c9-881b4b9e6e57_23cafbbb-0bec-4d61-92d8-25ee557d615b",
                  "value": "b%3A0"
               }
            ],
            "title": "2B. Select an Oversized VM",
            "type": "View"
         },
         {
            "collapsed": false,
            "config": {
               "chartViewItems": [],
               "isUpdatedView": true,
               "refreshContent": {"refreshContent": false},
               "refreshInterval": 300,
               "resource": null,
               "selectFirstRow": {"selectFirstRow": false},
               "selfProvider": {"selfProvider": false},
               "title": "2A. Select an Undersized VM",
               "traversalSpecId": "",
               "viewDefinitionId": "55b828da-12e3-4a3c-be05-7be66c314eac"
            },
            "gridsterCoords": {
               "h": 6,
               "w": 9,
               "x": 4,
               "y": 10
            },
            "height": 324,
            "id": "8cafbb61-9566-4cca-b744-60efb369a80b",
            "states": [{
               "key": "perm_toolbarVisible_widget_aeb185fd-6a74-490b-85c9-881b4b9e6e57_8cafbb61-9566-4cca-b744-60efb369a80b",
               "value": "b%3A0"
            }],
            "title": "2A. Select an Undersized VM",
            "type": "View"
         },
         {
            "collapsed": false,
            "config": {
               "chartViewItems": ["legend"],
               "isUpdatedView": true,
               "refreshContent": {"refreshContent": false},
               "refreshInterval": 300,
               "resource": null,
               "selectFirstRow": {"selectFirstRow": false},
               "selfProvider": {"selfProvider": false},
               "title": "3. Compare CPU Recommended Size to Historical Utilization",
               "traversalSpecId": "",
               "viewDefinitionId": "b3aec065-878e-407c-829a-427c395d4dc1"
            },
            "gridsterCoords": {
               "h": 7,
               "w": 6,
               "x": 1,
               "y": 30
            },
            "height": 381,
            "id": "1e04e514-4512-4a06-a4f6-c9d7fd9e79f0",
            "states": [{
               "key": "perm_toolbarVisible_widget_aeb185fd-6a74-490b-85c9-881b4b9e6e57_1e04e514-4512-4a06-a4f6-c9d7fd9e79f0",
               "value": "b%3A0"
            }],
            "title": "3. Compare CPU Recommended Size to Historical Utilization",
            "type": "View"
         },
         {
            "collapsed": false,
            "config": {
               "chartViewItems": ["legend"],
               "isUpdatedView": true,
               "refreshContent": {"refreshContent": false},
               "refreshInterval": 300,
               "resource": null,
               "selectFirstRow": {"selectFirstRow": false},
               "selfProvider": {"selfProvider": false},
               "title": "4. Compare Memory Recommended Size to Historical Utilization",
               "traversalSpecId": "",
               "viewDefinitionId": "6cab3018-2e97-4352-9875-9ed791e73d18"
            },
            "gridsterCoords": {
               "h": 7,
               "w": 6,
               "x": 7,
               "y": 30
            },
            "height": 381,
            "id": "472b8f2b-6afe-4160-b293-f84211328e04",
            "states": [{
               "key": "perm_toolbarVisible_widget_aeb185fd-6a74-490b-85c9-881b4b9e6e57_472b8f2b-6afe-4160-b293-f84211328e04",
               "value": "b%3A0"
            }],
            "title": "4. Compare Memory Recommended Size to Historical Utilization",
            "type": "View"
         },
         {
            "collapsed": false,
            "config": {
               "editorData": "<div style=\"\"><div style=\"\"><font face=\"arial\"><font style=\"color: rgb(0, 0, 0); font-size: 14px;\">Rightsizing&nbsp;is defined as changing the amount of resources allocated to a VM based on the Recommended Size for a VM.&nbsp; Recommended Size is the maximum projected utilization for the projection period from the current time to 30 days after the warning threshold value for time remaining. The warning threshold is the period during which the time remaining is green. If the warning threshold value for time remaining is 120 days, which is the default value, the recommended size is the maximum projected utilization 150 days into the future.&nbsp; While rightsizing a VM can reclaim capacity, the change in allocation may not equal the amount of reclaimable capacity.&nbsp; Refer to&nbsp;<a href=\"https://docs.vmware.com/en/vRealize-Operations-Manager/8.0/com.vmware.vcom.user.doc/GUID-8D9F7E29-53E3-4462-9288-8977ED21939D.html\" target=\"_blank\" style=\"\">Capacity Analytics<\/a>&nbsp;page of the documentation for additional details on the capacity analytics engine.&nbsp;&nbsp;<\/font><font style=\"\"><span style=\"font-size: 14px;\">More detailed description of Rightsizing with vRealize Operations is available at <a href=\"https://blogs.vmware.com/management/2020/01/rightsizing-vms-with-vrealize-operations.html\" target=\"_blank\" style=\"\">http://blogs.vmware.com/management/2020/01/rightsizing-vms-with-vrealize-operations.html<\/a>.<\/span><\/font><font style=\"color: rgb(0, 0, 0); font-size: 14px;\"><br><\/font><\/font><\/div><div style=\"color: rgb(0, 0, 0); font-size: 14px;\"><font face=\"arial\"><br><\/font><\/div><div style=\"color: rgb(0, 0, 0); font-size: 14px;\"><font face=\"arial\"><b>Quantifying the effect on capacity due to rightsizing:<\/b><br><\/font><\/div><div style=\"color: rgb(0, 0, 0); font-size: 14px;\"><ul style=\"\"><li style=\"\"><font face=\"arial\"><b style=\"color: rgb(0, 0, 0); font-size: 14px;\">Reclaimable CPU Usage (GHz)<\/b><span style=\"font-size: 14px;\">: <\/span><span style=\"font-size: 14px;\">If an oversized VM's CPU usage is 100MHz before rightsizing, removing vCPU's will won't change its CPU usage and it should still be at 100MHz.&nbsp;&nbsp;<\/span><span style=\"font-size: 14px;\">This means there is no reclaimable capacity associated with overallocation of vCPUs.&nbsp; Reclaimable CPU Usage for oversized VMs will always be 0 MHz.<\/span><\/font><\/li><li style=\"color: rgb(0, 0, 0); font-size: 14px;\"><font face=\"arial\"><b>Reclaimable Memory Consumed (GB)<\/b>: An oversized VM can have reclaimable memory only if consumed memory is greater than the new recommended size of the VM.&nbsp; The reclaimable memory capacity is the difference between consumed memory and recommended size.<\/font><\/li><li style=\"color: rgb(0, 0, 0); font-size: 14px;\"><font face=\"arial\"><b>Increased CPU Usage (GHz)<\/b>: CPU Usage of a VM of an undersized VM is expected to be the current CPU Demand.&nbsp; The difference between CPU Demand and CPU Usage is the expected increase in capacity utilized after rightsizing.<\/font><\/li><li style=\"color: rgb(0, 0, 0); font-size: 14px;\"><font face=\"arial\"><b>Increased Memory Consumed (GB)<\/b>: It can be expected for consumed memory to increase by the same amount of memory recommended to add to an undersized VM.<\/font><\/li><\/ul><\/div><div style=\"color: rgb(0, 0, 0); font-size: 14px;\"><font face=\"arial\">Cost calculations can be based on either utilization or allocation depending on capacity settings for the cluster.&nbsp; Utilization based cost for rightsizing is the reclaimable CPU or memory capacity (as described above) multiplied by the CPU or memory base rates.&nbsp; Allocation based cost for rightsizing is the change in CPU or memory allocation multiplied by the CPU or memory allocation base rates.<br><\/font><\/div><div style=\"color: rgb(0, 0, 0); font-size: 14px;\"><font face=\"arial\"><br><\/font><\/div><div style=\"color: rgb(0, 0, 0); font-size: 14px;\"><b><font face=\"arial\">Potential Cost Savings Calculation Detail:<\/font><\/b><\/div><div style=\"color: rgb(0, 0, 0); font-size: 14px;\"><ul style=\"\"><li style=\"\"><font face=\"arial\"><span style=\"font-size: 14px;\">Oversized CPU Utilization: $0 since <\/span><span style=\"font-size: 14px;\">Reclaimable<\/span><span style=\"font-size: 14px;\">&nbsp;CPU Usage (GHz) is always 0<\/span><\/font><\/li><li style=\"color: rgb(0, 0, 0); font-size: 14px;\"><font face=\"arial\">Oversized Memory Utilization:&nbsp;Reclaimable Memory Consumed (GB) * Cluster Memory Base Rate<\/font><\/li><li style=\"color: rgb(0, 0, 0); font-size: 14px;\"><font face=\"arial\">Oversized CPU Allocation: vCPU(s) to Remove * Allocation Cluster CPU Base Rate<br><\/font><\/li><li style=\"color: rgb(0, 0, 0); font-size: 14px;\"><font face=\"arial\">Oversized Memory Allocation: Memory to Remove * Allocation Cluster Memory Base Rate<\/font><\/li><\/ul><\/div><\/div><div style=\"color: rgb(0, 0, 0); font-size: 14px;\"><div style=\"color: rgb(0, 0, 0); font-size: 14px;\"><b><font face=\"arial\">Potential Cost Increase Calculation Detail:<\/font><\/b><\/div><div style=\"\"><ul style=\"\"><li style=\"color: rgb(0, 0, 0); font-size: 14px;\"><font face=\"arial\">Undersized CPU Utilization:&nbsp;Increased CPU Usage (GHz) * Cluster CPU Base Rate<\/font><\/li><li style=\"\"><font face=\"arial\"><span style=\"font-size: 14px;\">Undersized Memory Utilization: <\/span><span style=\"font-size: 14px;\">Increased Memory Consumed<\/span><span style=\"font-size: 14px;\">&nbsp;(GB) * Cluster Memory Base Rate<\/span><\/font><\/li><li style=\"color: rgb(0, 0, 0); font-size: 14px;\"><font face=\"arial\">Undersized CPU Allocation: vCPU(s) to Add * Allocation Cluster CPU Base Rate<\/font><\/li><li style=\"color: rgb(0, 0, 0); font-size: 14px;\"><font face=\"arial\">Undersized Memory Allocation: Memory to Add&nbsp;* Allocation Cluster Memory Base Rate<\/font><\/li><\/ul><div style=\"color: rgb(0, 0, 0); font-size: 14px;\"><font face=\"arial\">This readme can be hidden by clicking the collapse icon at the top of this widget.<\/font><\/div><\/div><div style=\"font-family: Metropolis, arial, sans-serif; background-color: rgb(255, 255, 255); color: rgb(0, 0, 0); font-size: 14px;\"><ul><\/ul><\/div><\/div>",
               "locationFile": "",
               "locationUrl": "",
               "refreshContent": {"refreshContent": false},
               "refreshInterval": 300,
               "title": "About this Dashboard",
               "titleLocalized": "About this Dashboard",
               "viewModeHTML": true
            },
            "gridsterCoords": {
               "h": 9,
               "w": 8,
               "x": 1,
               "y": 1
            },
            "height": 495,
            "id": "3180e441-dd25-4501-bf55-e534034b712a",
            "title": "About this Dashboard",
            "type": "TextDisplay"
         },
         {
            "collapsed": false,
            "config": {
               "chartViewItems": [],
               "isUpdatedView": true,
               "refreshContent": {"refreshContent": false},
               "refreshInterval": 300,
               "resource": {
                  "id": "Ext.vcops.chrome.model.Resource-4",
                  "resourceId": "resource:id:0_::_",
                  "resourceKindId": "002006VMWAREvSphere World",
                  "resourceName": "vSphere World",
                  "traversalSpecId": ""
               },
               "selectFirstRow": {"selectFirstRow": false},
               "selfProvider": {"selfProvider": true},
               "title": "Rightsizing - Conservative",
               "traversalSpecId": null,
               "viewDefinitionId": "a3868383-3459-45ab-bef8-b111885f9111"
            },
            "gridsterCoords": {
               "h": 8,
               "w": 4,
               "x": 9,
               "y": 1
            },
            "height": 438,
            "id": "ec2c9c3b-50ce-4b4f-bd8a-5130a837e045",
            "title": "Rightsizing - Conservative",
            "type": "View"
         },
         {
            "collapsed": true,
            "config": {
               "chartViewItems": [],
               "isUpdatedView": true,
               "refreshContent": {"refreshContent": false},
               "refreshInterval": 300,
               "resource": {
                  "id": "Ext.vcops.chrome.model.Resource-5",
                  "resourceId": "resource:id:0_::_",
                  "resourceKindId": "002006VMWAREvSphere World",
                  "resourceName": "vSphere World",
                  "traversalSpecId": ""
               },
               "selectFirstRow": {"selectFirstRow": false},
               "selfProvider": {"selfProvider": true},
               "title": "Rightsizing - Aggressive",
               "traversalSpecId": null,
               "viewDefinitionId": "66d58517-f49c-42a1-b193-04bd1387879e"
            },
            "gridsterCoords": {
               "h": 1,
               "w": 4,
               "x": 9,
               "y": 9
            },
            "height": 438,
            "id": "2567183e-a329-4d7d-9b27-bc72ffd674d2",
            "title": "Rightsizing - Aggressive",
            "type": "View"
         },
         {
            "collapsed": false,
            "config": {
               "additionalColumns": [],
               "customFilter": {
                  "excludedResources": null,
                  "filter": [],
                  "includedResources": null
               },
               "depth": 1,
               "filterMode": "tagPicker",
               "mode": "all",
               "refreshContent": {"refreshContent": false},
               "refreshInterval": 300,
               "relationshipMode": {"relationshipMode": 0},
               "resource": [],
               "selectFirstRow": {"selectFirstRow": true},
               "selfProvider": {"selfProvider": true},
               "tagFilter": {
                  "path": [
                     "/source/kind/kind:resourceKind:id:0_::_",
                     "/source/kind/kind:resourceKind:id:1_::_",
                     "/source/kind/kind:resourceKind:id:2_::_",
                     "/source/kind/kind:resourceKind:id:3_::_"
                  ],
                  "value": {
                     "adapterInstance": [],
                     "adapterKind": [],
                     "bus": [],
                     "collector": [],
                     "day": [],
                     "exclaim": false,
                     "healthRange": [],
                     "kind": [
                        "resourceKind:id:0_::_",
                        "resourceKind:id:1_::_",
                        "resourceKind:id:2_::_",
                        "resourceKind:id:3_::_"
                     ],
                     "maintenanceSchedule": [],
                     "state": [],
                     "status": [],
                     "tag": [],
                     "tier": []
                  }
               },
               "title": "1. Select Cluster, Datacenter, or World Object"
            },
            "gridsterCoords": {
               "h": 13,
               "w": 3,
               "x": 1,
               "y": 10
            },
            "height": 723,
            "id": "5593291c-bc8c-4102-8394-1202faf18444",
            "states": [
               {
                  "key": "permResGrid_widget_aeb185fd-6a74-490b-85c9-881b4b9e6e57_5593291c-bc8c-4102-8394-1202faf18444",
                  "value": "o%3Acolumns%3Da%253Ao%25253Aid%25253Ds%2525253Ah1%25255Ehidden%25253Db%2525253A1%25255Ewidth%25253Dn%2525253A100%255Eo%25253Aid%25253Ds%2525253Ah2%255Eo%25253Aid%25253Ds%2525253Ah3%25255Ehidden%25253Db%2525253A1%25255Ewidth%25253Dn%2525253A100%255Eo%25253Aid%25253Ds%2525253Ah4%25255Ehidden%25253Db%2525253A1%255Eo%25253Aid%25253Ds%2525253Ah5%255Eo%25253Aid%25253Ds%2525253Ah6%25255Ehidden%25253Db%2525253A1%255Eo%25253Aid%25253Ds%2525253Ah7%25255Ehidden%25253Db%2525253A1%25255Ewidth%25253Dn%2525253A100%255Eo%25253Aid%25253Ds%2525253Ah8%25255Ehidden%25253Db%2525253A1%25255Ewidth%25253Dn%2525253A100%255Eo%25253Aid%25253Ds%2525253Ah9%25255Ehidden%25253Db%2525253A1%25255Ewidth%25253Dn%2525253A100%255Eo%25253Aid%25253Ds%2525253Ah10%25255Ehidden%25253Db%2525253A1%25255Ewidth%25253Dn%2525253A100%255Eo%25253Aid%25253Ds%2525253Ah11%25255Ehidden%25253Db%2525253A1%25255Ewidth%25253Dn%2525253A100%255Eo%25253Aid%25253Ds%2525253Ah12%25255Ehidden%25253Db%2525253A1%25255Ewidth%25253Dn%2525253A100%255Eo%25253Aid%25253Ds%2525253Ah13%25255Ehidden%25253Db%2525253A1%25255Ewidth%25253Dn%2525253A100%255Eo%25253Aid%25253Ds%2525253Ah14%25255Ehidden%25253Db%2525253A1%255Eo%25253Aid%25253Ds%2525253Ah15%25255Ehidden%25253Db%2525253A1%255Eo%25253Aid%25253Ds%2525253Ah16%25255Ehidden%25253Db%2525253A1%25255Ewidth%25253Dn%2525253A100%255Eo%25253Aid%25253Ds%2525253AresourceRating%25255Ehidden%25253Db%2525253A1%255Eo%25253Aid%25253Ds%2525253Ah18%25255Ehidden%25253Db%2525253A1%25255Ewidth%25253Dn%2525253A100%255Eo%25253Aid%25253Ds%2525253Ah19%25255Ehidden%25253Db%2525253A1%25255Ewidth%25253Dn%2525253A100%255Eo%25253Aid%25253Ds%2525253Ah20%25255Ehidden%25253Db%2525253A1%25255Ewidth%25253Dn%2525253A100%255Eo%25253Aid%25253Ds%2525253Ah21%25255Ehidden%25253Db%2525253A1%25255Ewidth%25253Dn%2525253A100%255Eo%25253Aid%25253Ds%2525253Ah22%25255Ehidden%25253Db%2525253A1%25255Ewidth%25253Dn%2525253A100%255Eo%25253Aid%25253Ds%2525253Ah23%25255Ehidden%25253Db%2525253A1%25255Ewidth%25253Dn%2525253A100%255Eo%25253Aid%25253Ds%2525253Ah24%25255Ehidden%25253Db%2525253A1%25255Ewidth%25253Dn%2525253A100%255Eo%25253Aid%25253Ds%2525253Ah25%25255Ehidden%25253Db%2525253A1%25255Ewidth%25253Dn%2525253A100%255Eo%25253Aid%25253Ds%2525253Ah26%25255Ehidden%25253Db%2525253A1%25255Ewidth%25253Dn%2525253A100%255Eo%25253Aid%25253Ds%2525253Ah27%25255Ehidden%25253Db%2525253A1%25255Ewidth%25253Dn%2525253A100%255Eo%25253Aid%25253Ds%2525253Ah28%25255Ehidden%25253Db%2525253A1%25255Ewidth%25253Dn%2525253A100%255Eo%25253Aid%25253Ds%2525253Ah29%25255Ehidden%25253Db%2525253A1%25255Ewidth%25253Dn%2525253A100%255Eo%25253Aid%25253Ds%2525253Ah30%25255Ehidden%25253Db%2525253A1%25255Ewidth%25253Dn%2525253A100%255Eo%25253Aid%25253Ds%2525253Ah31%25255Ehidden%25253Db%2525253A1%25255Ewidth%25253Dn%2525253A100%255Eo%25253Aid%25253Ds%2525253Ah32%25255Ehidden%25253Db%2525253A1%25255Ewidth%25253Dn%2525253A100%255Eo%25253Aid%25253Ds%2525253Ah33%25255Ehidden%25253Db%2525253A1%25255Ewidth%25253Dn%2525253A100%255Eo%25253Aid%25253Ds%2525253Ah34%25255Ehidden%25253Db%2525253A1%25255Ewidth%25253Dn%2525253A100%255Eo%25253Aid%25253Ds%2525253Ah35%25255Ehidden%25253Db%2525253A1%25255Ewidth%25253Dn%2525253A100%255Eo%25253Aid%25253Ds%2525253Ah36%25255Ehidden%25253Db%2525253A1%25255Ewidth%25253Dn%2525253A100%255Eo%25253Aid%25253Ds%2525253Ah37%25255Ehidden%25253Db%2525253A1%25255Ewidth%25253Dn%2525253A100%255Eo%25253Aid%25253Ds%2525253Ah38%25255Ehidden%25253Db%2525253A1%25255Ewidth%25253Dn%2525253A100%255Eo%25253Aid%25253Ds%2525253Ah39%25255Ehidden%25253Db%2525253A1%25255Ewidth%25253Dn%2525253A100%255Eo%25253Aid%25253Ds%2525253Ah40%25255Ehidden%25253Db%2525253A1%25255Ewidth%25253Dn%2525253A100%255Eo%25253Aid%25253Ds%2525253Ah41%25255Ehidden%25253Db%2525253A1%25255Ewidth%25253Dn%2525253A100%255Eo%25253Aid%25253Ds%2525253Ah42%25255Ehidden%25253Db%2525253A1%25255Ewidth%25253Dn%2525253A100%255Eo%25253Aid%25253Ds%2525253Ah43%25255Ehidden%25253Db%2525253A1%25255Ewidth%25253Dn%2525253A100%255Eo%25253Aid%25253Ds%2525253Ah44%25255Ehidden%25253Db%2525253A1%25255Ewidth%25253Dn%2525253A100%255Eo%25253Aid%25253Ds%2525253Ah45%25255Ehidden%25253Db%2525253A1%25255Ewidth%25253Dn%2525253A100%255Eo%25253Aid%25253Ds%2525253Ah46%25255Ehidden%25253Db%2525253A1%25255Ewidth%25253Dn%2525253A100%255Eo%25253Aid%25253Ds%2525253Ah47%25255Ehidden%25253Db%2525253A1%25255Ewidth%25253Dn%2525253A100%5EstoreState%3Do%253Asorters%253Da%25253Ao%2525253Aroot%2525253Ds%252525253Adata%2525255Eproperty%2525253Ds%252525253AresourceKind%2525255Edirection%2525253Ds%252525253ADESC%2525255Eid%2525253Ds%252525253AresourceKind"
               },
               {
                  "key": "perm_toolbarVisible_widget_aeb185fd-6a74-490b-85c9-881b4b9e6e57_5593291c-bc8c-4102-8394-1202faf18444",
                  "value": "b%3A1"
               }
            ],
            "title": "1. Select Cluster, Datacenter, or World Object",
            "type": "ResourceList"
         },
         {
            "collapsed": false,
            "config": {
               "chartViewItems": ["legend"],
               "isUpdatedView": true,
               "refreshContent": {"refreshContent": false},
               "refreshInterval": 300,
               "resource": null,
               "selectFirstRow": {"selectFirstRow": false},
               "selfProvider": {"selfProvider": false},
               "title": "7. Check for Guest Memory Paging",
               "traversalSpecId": "",
               "viewDefinitionId": "586008a4-cefb-4b9a-88dd-9596f292dfeb"
            },
            "gridsterCoords": {
               "h": 7,
               "w": 6,
               "x": 7,
               "y": 37
            },
            "height": 381,
            "id": "43a83319-775b-48b9-8f57-1c1d6282c28f",
            "title": "7. Check for Guest Memory Paging",
            "type": "View"
         },
         {
            "collapsed": false,
            "config": {
               "chartViewItems": ["legend"],
               "isUpdatedView": true,
               "refreshContent": {"refreshContent": false},
               "refreshInterval": 300,
               "resource": null,
               "selectFirstRow": {"selectFirstRow": false},
               "selfProvider": {"selfProvider": false},
               "title": "5. Compare CPU Queue to Total Capacity",
               "traversalSpecId": "",
               "viewDefinitionId": "fa10900c-2d88-41d6-86c9-046349ccc5bf"
            },
            "gridsterCoords": {
               "h": 7,
               "w": 6,
               "x": 1,
               "y": 37
            },
            "height": 381,
            "id": "a157dfd9-0adc-417d-9b6d-c2255ce23761",
            "title": "5. Compare CPU Queue to Total Capacity",
            "type": "View"
         },
         {
            "collapsed": false,
            "config": {
               "chartViewItems": ["legend"],
               "isUpdatedView": true,
               "refreshContent": {"refreshContent": false},
               "refreshInterval": 300,
               "resource": null,
               "selectFirstRow": {"selectFirstRow": false},
               "selfProvider": {"selfProvider": false},
               "title": "6. Compare Context Switch Rate to Total Capacity",
               "traversalSpecId": "",
               "viewDefinitionId": "aba68ea8-c7d9-45d3-aa45-45f9fd424480"
            },
            "gridsterCoords": {
               "h": 7,
               "w": 6,
               "x": 1,
               "y": 44
            },
            "height": 381,
            "id": "b797ea1d-64f7-4e40-a08f-6eb61089ce64",
            "title": "6. Compare Context Switch Rate to Total Capacity",
            "type": "View"
         },
         {
            "collapsed": false,
            "config": {
               "chartViewItems": [],
               "isUpdatedView": true,
               "refreshContent": {"refreshContent": false},
               "refreshInterval": 300,
               "resource": null,
               "selectFirstRow": {"selectFirstRow": false},
               "selfProvider": {"selfProvider": false},
               "title": "90th Percentile (24 Hours)",
               "traversalSpecId": "",
               "viewDefinitionId": "8579adc6-8fef-497a-9ea0-1156352d41d2"
            },
            "gridsterCoords": {
               "h": 3,
               "w": 6,
               "x": 7,
               "y": 44
            },
            "height": 153,
            "id": "f0299231-c6c6-4333-a1b9-59a2fd1be7b9",
            "title": "90th Percentile (24 Hours)",
            "type": "View"
         },
         {
            "collapsed": false,
            "config": {
               "chartViewItems": [],
               "isUpdatedView": true,
               "refreshContent": {"refreshContent": false},
               "refreshInterval": 300,
               "resource": null,
               "selectFirstRow": {"selectFirstRow": false},
               "selfProvider": {"selfProvider": false},
               "title": "90th Percentile (7 Days)",
               "traversalSpecId": "",
               "viewDefinitionId": "7a68b1c8-b6a0-447f-9743-91a715f227fb"
            },
            "gridsterCoords": {
               "h": 3,
               "w": 6,
               "x": 7,
               "y": 47
            },
            "height": 153,
            "id": "cd70b7d6-ebcb-41f6-a6a5-dccdc8c7c0fb",
            "title": "90th Percentile (7 Days)",
            "type": "View"
         },
         {
            "collapsed": false,
            "config": {
               "chartViewItems": [],
               "isUpdatedView": true,
               "refreshContent": {"refreshContent": false},
               "refreshInterval": 300,
               "resource": null,
               "selectFirstRow": {"selectFirstRow": false},
               "selfProvider": {"selfProvider": false},
               "title": "90th Percentile (30 Days)",
               "traversalSpecId": "",
               "viewDefinitionId": "7f7420b8-90ba-48fb-a363-b3d3bbcef686"
            },
            "gridsterCoords": {
               "h": 3,
               "w": 6,
               "x": 7,
               "y": 50
            },
            "height": 153,
            "id": "d505d77a-1b2b-40ba-b87c-d28ffa252583",
            "title": "90th Percentile (30 Days)",
            "type": "View"
         },
         {
            "collapsed": true,
            "config": {
               "additionalColumns": [
                  {
                     "boxLabel": "Is Oversized?",
                     "metricKey": "summary|oversized",
                     "metricName": "Summary|Is Oversized",
                     "resourceKindId": "resourceKind:id:4_::_"
                  },
                  {
                     "boxLabel": "Is Undersized?",
                     "metricKey": "summary|undersized",
                     "metricName": "Summary|Is Undersized",
                     "resourceKindId": "resourceKind:id:4_::_"
                  }
               ],
               "customFilter": {
                  "excludedResources": null,
                  "filter": [],
                  "includedResources": null
               },
               "depth": 1,
               "filterMode": "tagPicker",
               "mode": "all",
               "refreshContent": {"refreshContent": false},
               "refreshInterval": 300,
               "relationshipMode": {"relationshipMode": 0},
               "resource": [],
               "selectFirstRow": {"selectFirstRow": false},
               "selfProvider": {"selfProvider": true},
               "tagFilter": {
                  "path": ["/source/kind/kind:resourceKind:id:4_::_"],
                  "value": {
                     "adapterInstance": [],
                     "adapterKind": [],
                     "bus": [],
                     "collector": [],
                     "day": [],
                     "exclaim": false,
                     "healthRange": [],
                     "kind": ["resourceKind:id:4_::_"],
                     "maintenanceSchedule": [],
                     "state": [],
                     "status": [],
                     "tag": [],
                     "tier": []
                  }
               },
               "title": "2C. Search for a VM"
            },
            "gridsterCoords": {
               "h": 1,
               "w": 9,
               "x": 4,
               "y": 22
            },
            "height": 324,
            "id": "42b79518-790a-4bfd-a640-206697c5a33b",
            "states": [
               {
                  "key": "permResGrid_widget_aeb185fd-6a74-490b-85c9-881b4b9e6e57_42b79518-790a-4bfd-a640-206697c5a33b",
                  "value": "o%3Acolumns%3Da%253Ao%25253Aid%25253Ds%2525253Ah1%25255Ehidden%25253Db%2525253A1%25255Ewidth%25253Dn%2525253A100%255Eo%25253Aid%25253Ds%2525253Ah2%25255Ewidth%25253Dn%2525253A334%255Eo%25253Aid%25253Ds%2525253Ah3%25255Ehidden%25253Db%2525253A1%25255Ewidth%25253Dn%2525253A100%255Eo%25253Aid%25253Ds%2525253Ah4%25255Ehidden%25253Db%2525253A1%255Eo%25253Aid%25253Ds%2525253Ah5%25255Ehidden%25253Db%2525253A1%255Eo%25253Aid%25253Ds%2525253Ah6%25255Ehidden%25253Db%2525253A1%255Eo%25253Aid%25253Ds%2525253Ah7%25255Ehidden%25253Db%2525253A1%25255Ewidth%25253Dn%2525253A100%255Eo%25253Aid%25253Ds%2525253Ah8%25255Ehidden%25253Db%2525253A1%25255Ewidth%25253Dn%2525253A100%255Eo%25253Aid%25253Ds%2525253Ah9%25255Ehidden%25253Db%2525253A1%25255Ewidth%25253Dn%2525253A100%255Eo%25253Aid%25253Ds%2525253Ah10%25255Ehidden%25253Db%2525253A1%25255Ewidth%25253Dn%2525253A100%255Eo%25253Aid%25253Ds%2525253Ah11%25255Ehidden%25253Db%2525253A1%25255Ewidth%25253Dn%2525253A100%255Eo%25253Aid%25253Ds%2525253Ah12%25255Ehidden%25253Db%2525253A1%25255Ewidth%25253Dn%2525253A100%255Eo%25253Aid%25253Ds%2525253Ah13%25255Ehidden%25253Db%2525253A1%25255Ewidth%25253Dn%2525253A100%255Eo%25253Aid%25253Ds%2525253Ah14%25255Ehidden%25253Db%2525253A1%255Eo%25253Aid%25253Ds%2525253Ah15%25255Ehidden%25253Db%2525253A1%255Eo%25253Aid%25253Ds%2525253Ah16%25255Ehidden%25253Db%2525253A1%25255Ewidth%25253Dn%2525253A100%255Eo%25253Aid%25253Ds%2525253AresourceRating%25255Ehidden%25253Db%2525253A1%255Eo%25253Aid%25253Ds%2525253Ah18%25255Ehidden%25253Db%2525253A0%25255Ewidth%25253Dn%2525253A100%255Eo%25253Aid%25253Ds%2525253Ah19%25255Ehidden%25253Db%2525253A0%25255Ewidth%25253Dn%2525253A100%255Eo%25253Aid%25253Ds%2525253Ah20%25255Ehidden%25253Db%2525253A1%25255Ewidth%25253Dn%2525253A100%255Eo%25253Aid%25253Ds%2525253Ah21%25255Ehidden%25253Db%2525253A1%25255Ewidth%25253Dn%2525253A100%255Eo%25253Aid%25253Ds%2525253Ah22%25255Ehidden%25253Db%2525253A1%25255Ewidth%25253Dn%2525253A100%255Eo%25253Aid%25253Ds%2525253Ah23%25255Ehidden%25253Db%2525253A1%25255Ewidth%25253Dn%2525253A100%255Eo%25253Aid%25253Ds%2525253Ah24%25255Ehidden%25253Db%2525253A1%25255Ewidth%25253Dn%2525253A100%255Eo%25253Aid%25253Ds%2525253Ah25%25255Ehidden%25253Db%2525253A1%25255Ewidth%25253Dn%2525253A100%255Eo%25253Aid%25253Ds%2525253Ah26%25255Ehidden%25253Db%2525253A1%25255Ewidth%25253Dn%2525253A100%255Eo%25253Aid%25253Ds%2525253Ah27%25255Ehidden%25253Db%2525253A1%25255Ewidth%25253Dn%2525253A100%255Eo%25253Aid%25253Ds%2525253Ah28%25255Ehidden%25253Db%2525253A1%25255Ewidth%25253Dn%2525253A100%255Eo%25253Aid%25253Ds%2525253Ah29%25255Ehidden%25253Db%2525253A1%25255Ewidth%25253Dn%2525253A100%255Eo%25253Aid%25253Ds%2525253Ah30%25255Ehidden%25253Db%2525253A1%25255Ewidth%25253Dn%2525253A100%255Eo%25253Aid%25253Ds%2525253Ah31%25255Ehidden%25253Db%2525253A1%25255Ewidth%25253Dn%2525253A100%255Eo%25253Aid%25253Ds%2525253Ah32%25255Ehidden%25253Db%2525253A1%25255Ewidth%25253Dn%2525253A100%255Eo%25253Aid%25253Ds%2525253Ah33%25255Ehidden%25253Db%2525253A1%25255Ewidth%25253Dn%2525253A100%255Eo%25253Aid%25253Ds%2525253Ah34%25255Ehidden%25253Db%2525253A1%25255Ewidth%25253Dn%2525253A100%255Eo%25253Aid%25253Ds%2525253Ah35%25255Ehidden%25253Db%2525253A1%25255Ewidth%25253Dn%2525253A100%255Eo%25253Aid%25253Ds%2525253Ah36%25255Ehidden%25253Db%2525253A1%25255Ewidth%25253Dn%2525253A100%255Eo%25253Aid%25253Ds%2525253Ah37%25255Ehidden%25253Db%2525253A1%25255Ewidth%25253Dn%2525253A100%255Eo%25253Aid%25253Ds%2525253Ah38%25255Ehidden%25253Db%2525253A1%25255Ewidth%25253Dn%2525253A100%255Eo%25253Aid%25253Ds%2525253Ah39%25255Ehidden%25253Db%2525253A1%25255Ewidth%25253Dn%2525253A100%255Eo%25253Aid%25253Ds%2525253Ah40%25255Ehidden%25253Db%2525253A1%25255Ewidth%25253Dn%2525253A100%255Eo%25253Aid%25253Ds%2525253Ah41%25255Ehidden%25253Db%2525253A1%25255Ewidth%25253Dn%2525253A100%255Eo%25253Aid%25253Ds%2525253Ah42%25255Ehidden%25253Db%2525253A1%25255Ewidth%25253Dn%2525253A100%255Eo%25253Aid%25253Ds%2525253Ah43%25255Ehidden%25253Db%2525253A1%25255Ewidth%25253Dn%2525253A100%255Eo%25253Aid%25253Ds%2525253Ah44%25255Ehidden%25253Db%2525253A1%25255Ewidth%25253Dn%2525253A100%255Eo%25253Aid%25253Ds%2525253Ah45%25255Ehidden%25253Db%2525253A1%25255Ewidth%25253Dn%2525253A100%255Eo%25253Aid%25253Ds%2525253Ah46%25255Ehidden%25253Db%2525253A1%25255Ewidth%25253Dn%2525253A100%255Eo%25253Aid%25253Ds%2525253Ah47%25255Ehidden%25253Db%2525253A1%25255Ewidth%25253Dn%2525253A100"
               },
               {
                  "key": "perm_toolbarVisible_widget_aeb185fd-6a74-490b-85c9-881b4b9e6e57_42b79518-790a-4bfd-a640-206697c5a33b",
                  "value": "b%3A1"
               }
            ],
            "title": "2C. Search for a VM",
            "type": "ResourceList"
         },
         {
            "collapsed": false,
            "config": {
               "customFilter": {
                  "excludedResources": null,
                  "filter": [],
                  "includedResources": null
               },
               "depth": 1,
               "metric": {
                  "mode": "resourceKind",
                  "resourceKindMetrics": [
                     {
                        "colorMethod": 1,
                        "id": "extModel12749-1",
                        "isStringMetric": true,
                        "label": "Name",
                        "metricKey": "config|name",
                        "metricName": "Configuration|Name",
                        "metricUnitId": null,
                        "orangeBound": null,
                        "redBound": null,
                        "resourceKindId": "resourceKind:id:4_::_",
                        "resourceKindName": "Virtual Machine",
                        "unit": null,
                        "yellowBound": null
                     },
                     {
                        "colorMethod": 1,
                        "id": "extModel23504-1",
                        "isStringMetric": false,
                        "label": "Projected Cost this Month",
                        "metricKey": "cost|effectiveProjectedTotalCost",
                        "metricName": "Cost|Monthly Effective Projected Total Cost",
                        "metricUnitId": "currencymonth",
                        "orangeBound": null,
                        "redBound": null,
                        "resourceKindId": "resourceKind:id:4_::_",
                        "resourceKindName": "Virtual Machine",
                        "unit": "US$/Month",
                        "yellowBound": null
                     },
                     {
                        "colorMethod": 1,
                        "id": "extModel12749-2",
                        "isStringMetric": false,
                        "label": "vCPUs",
                        "metricKey": "config|hardware|numCpu",
                        "metricName": "Configuration|Hardware|Number of virtual CPUs",
                        "metricUnitId": null,
                        "orangeBound": null,
                        "redBound": null,
                        "resourceKindId": "resourceKind:id:4_::_",
                        "resourceKindName": "Virtual Machine",
                        "unit": null,
                        "yellowBound": null
                     },
                     {
                        "colorMethod": 1,
                        "id": "extModel12749-3",
                        "isStringMetric": false,
                        "label": "Sockets",
                        "metricKey": "config|hardware|numSockets",
                        "metricName": "Configuration|Hardware|Number of virtual sockets",
                        "metricUnitId": null,
                        "orangeBound": null,
                        "redBound": null,
                        "resourceKindId": "resourceKind:id:4_::_",
                        "resourceKindName": "Virtual Machine",
                        "unit": null,
                        "yellowBound": null
                     },
                     {
                        "colorMethod": 1,
                        "id": "extModel12749-4",
                        "isStringMetric": false,
                        "label": "Cores per Socket",
                        "metricKey": "config|hardware|numCoresPerSocket",
                        "metricName": "Configuration|Hardware|Number of CPU cores per socket",
                        "metricUnitId": null,
                        "orangeBound": null,
                        "redBound": null,
                        "resourceKindId": "resourceKind:id:4_::_",
                        "resourceKindName": "Virtual Machine",
                        "unit": null,
                        "yellowBound": null
                     },
                     {
                        "colorMethod": 1,
                        "id": "extModel12749-7",
                        "isStringMetric": true,
                        "label": "vCPU Hot Add Enabled?",
                        "metricKey": "config|extraConfig|vcpu_hotadd",
                        "metricName": "Configuration|Extra Configuration|vCPU Hot Add",
                        "metricUnitId": null,
                        "orangeBound": null,
                        "redBound": null,
                        "resourceKindId": "resourceKind:id:4_::_",
                        "resourceKindName": "Virtual Machine",
                        "unit": null,
                        "yellowBound": null
                     },
                     {
                        "colorMethod": 1,
                        "id": "extModel12749-8",
                        "isStringMetric": true,
                        "label": "vCPU Hot Remove Enabled?",
                        "metricKey": "config|extraConfig|vcpu_hotremove",
                        "metricName": "Configuration|Extra Configuration|vCPU Hot Remove",
                        "metricUnitId": null,
                        "orangeBound": null,
                        "redBound": null,
                        "resourceKindId": "resourceKind:id:4_::_",
                        "resourceKindName": "Virtual Machine",
                        "unit": null,
                        "yellowBound": null
                     },
                     {
                        "colorMethod": 1,
                        "id": "extModel12749-5",
                        "isStringMetric": false,
                        "label": "Memory",
                        "metricKey": "config|hardware|memoryKB",
                        "metricName": "Configuration|Hardware|Memory",
                        "metricUnitId": "gb",
                        "orangeBound": null,
                        "redBound": null,
                        "resourceKindId": "resourceKind:id:4_::_",
                        "resourceKindName": "Virtual Machine",
                        "unit": "GB",
                        "yellowBound": null
                     },
                     {
                        "colorMethod": 1,
                        "id": "extModel12749-6",
                        "isStringMetric": true,
                        "label": "Memory Hot Add Enabled?",
                        "metricKey": "config|extraConfig|mem_hotadd",
                        "metricName": "Configuration|Extra Configuration|Memory Hot Add",
                        "metricUnitId": null,
                        "orangeBound": null,
                        "redBound": null,
                        "resourceKindId": "resourceKind:id:4_::_",
                        "resourceKindName": "Virtual Machine",
                        "unit": null,
                        "yellowBound": null
                     }
                  ],
                  "resourceMetrics": [],
                  "subMode": "resourceKindAll"
               },
               "refreshContent": {"refreshContent": false},
               "refreshInterval": 300,
               "relationshipMode": {"relationshipMode": 0},
               "resInteractionMode": null,
               "resource": [],
               "selfProvider": {"selfProvider": false},
               "showMetricFullName": {"metricFullName": false},
               "title": "VM Configuration",
               "visualTheme": 2
            },
            "gridsterCoords": {
               "h": 7,
               "w": 4,
               "x": 1,
               "y": 23
            },
            "height": 381,
            "id": "73aec801-440d-4029-9025-9b8fcc843147",
            "title": "VM Configuration",
            "type": "PropertyList"
         },
         {
            "collapsed": false,
            "config": {
               "customFilter": {
                  "excludedResources": null,
                  "filter": [],
                  "includedResources": null
               },
               "depth": 1,
               "metric": {
                  "mode": "resourceKind",
                  "resourceKindMetrics": [
                     {
                        "colorMethod": 1,
                        "id": "extModel16382-1",
                        "isStringMetric": false,
                        "label": "Is Oversized?",
                        "metricKey": "summary|oversized",
                        "metricName": "Summary|Is Oversized",
                        "metricUnitId": null,
                        "orangeBound": null,
                        "redBound": null,
                        "resourceKindId": "resourceKind:id:4_::_",
                        "resourceKindName": "Virtual Machine",
                        "unit": null,
                        "yellowBound": null
                     },
                     {
                        "colorMethod": 1,
                        "id": "extModel9371-1",
                        "isStringMetric": false,
                        "label": "Potential Cost Savings per Month",
                        "metricKey": "Super Metric|sm_0e3d6099-d2a3-49b4-8c65-b84aea91e0e7",
                        "metricName": "Super Metrics|Rightsize - Potential Cost Savings",
                        "metricUnitId": "currencymonth",
                        "orangeBound": null,
                        "redBound": null,
                        "resourceKindId": "resourceKind:id:4_::_",
                        "resourceKindName": "Virtual Machine",
                        "unit": "US$/Month",
                        "yellowBound": null
                     },
                     {
                        "colorMethod": 1,
                        "id": "extModel16382-3",
                        "isStringMetric": false,
                        "label": "vCPUs to Remove",
                        "metricKey": "summary|oversized|vcpus",
                        "metricName": "Summary|Oversized|Virtual CPUs",
                        "metricUnitId": null,
                        "orangeBound": null,
                        "redBound": null,
                        "resourceKindId": "resourceKind:id:4_::_",
                        "resourceKindName": "Virtual Machine",
                        "unit": null,
                        "yellowBound": null
                     },
                     {
                        "colorMethod": 1,
                        "id": "extModel9371-2",
                        "isStringMetric": false,
                        "label": "Potential CPU Usage Reclaimable",
                        "metricKey": "Super Metric|sm_ab378c76-0dce-4c09-ad8d-1c9ff8540882",
                        "metricName": "Super Metrics|Rightsize - Potential CPU Usage Reclaimable (GHz)",
                        "metricUnitId": "ghz",
                        "orangeBound": null,
                        "redBound": null,
                        "resourceKindId": "resourceKind:id:4_::_",
                        "resourceKindName": "Virtual Machine",
                        "unit": "GHz",
                        "yellowBound": null
                     },
                     {
                        "colorMethod": 1,
                        "id": "extModel16382-2",
                        "isStringMetric": false,
                        "label": "Memory to Remove",
                        "metricKey": "summary|oversized|memory",
                        "metricName": "Summary|Oversized|Memory",
                        "metricUnitId": "gb",
                        "orangeBound": null,
                        "redBound": null,
                        "resourceKindId": "resourceKind:id:4_::_",
                        "resourceKindName": "Virtual Machine",
                        "unit": "GB",
                        "yellowBound": null
                     },
                     {
                        "colorMethod": 1,
                        "id": "extModel9371-3",
                        "isStringMetric": false,
                        "label": "Potential Memory Consumed Reclaimable",
                        "metricKey": "Super Metric|sm_c7b28474-211e-4173-8d55-d283ce26f764",
                        "metricName": "Super Metrics|Rightsize - Potential Memory Consumed Reclaimable (GB)",
                        "metricUnitId": "gb",
                        "orangeBound": null,
                        "redBound": null,
                        "resourceKindId": "resourceKind:id:4_::_",
                        "resourceKindName": "Virtual Machine",
                        "unit": "GB",
                        "yellowBound": null
                     }
                  ],
                  "resourceMetrics": [],
                  "subMode": "resourceKindAll"
               },
               "refreshContent": {"refreshContent": false},
               "refreshInterval": 300,
               "relationshipMode": {"relationshipMode": 0},
               "resInteractionMode": null,
               "resource": [],
               "selfProvider": {"selfProvider": false},
               "showMetricFullName": {"metricFullName": true},
               "title": "Oversized Details",
               "visualTheme": 2
            },
            "gridsterCoords": {
               "h": 7,
               "w": 4,
               "x": 9,
               "y": 23
            },
            "height": 381,
            "id": "334d2c61-2880-4b81-93e8-5661881b1a19",
            "title": "Oversized Details",
            "type": "PropertyList"
         },
         {
            "collapsed": false,
            "config": {
               "customFilter": {
                  "excludedResources": null,
                  "filter": [],
                  "includedResources": null
               },
               "depth": 1,
               "metric": {
                  "mode": "resourceKind",
                  "resourceKindMetrics": [
                     {
                        "colorMethod": 1,
                        "id": "extModel17088-1",
                        "isStringMetric": false,
                        "label": "Is Undersized",
                        "metricKey": "summary|undersized",
                        "metricName": "Summary|Is Undersized",
                        "metricUnitId": null,
                        "orangeBound": null,
                        "redBound": null,
                        "resourceKindId": "resourceKind:id:4_::_",
                        "resourceKindName": "Virtual Machine",
                        "unit": null,
                        "yellowBound": null
                     },
                     {
                        "colorMethod": 1,
                        "id": "extModel8467-1",
                        "isStringMetric": false,
                        "label": "Potential Cost Increase per Month",
                        "metricKey": "Super Metric|sm_89cd8f91-2bd0-417e-8e2c-c4eeb2200f65",
                        "metricName": "Super Metrics|Rightsize - Potential Cost Increase",
                        "metricUnitId": "currencymonth",
                        "orangeBound": null,
                        "redBound": null,
                        "resourceKindId": "resourceKind:id:4_::_",
                        "resourceKindName": "Virtual Machine",
                        "unit": "US$/Month",
                        "yellowBound": null
                     },
                     {
                        "colorMethod": 1,
                        "id": "extModel17088-2",
                        "isStringMetric": false,
                        "label": "vCPUs to Add",
                        "metricKey": "summary|undersized|vcpus",
                        "metricName": "Summary|Undersized|Virtual CPUs",
                        "metricUnitId": null,
                        "orangeBound": null,
                        "redBound": null,
                        "resourceKindId": "resourceKind:id:4_::_",
                        "resourceKindName": "Virtual Machine",
                        "unit": null,
                        "yellowBound": null
                     },
                     {
                        "colorMethod": 1,
                        "id": "extModel8467-2",
                        "isStringMetric": false,
                        "label": "Potential CPU Usage Increase",
                        "metricKey": "Super Metric|sm_f969e72d-7775-44d7-973a-c92319fcd08b",
                        "metricName": "Super Metrics|Rightsize - Potential CPU Usage Increase (GHz)",
                        "metricUnitId": "ghz",
                        "orangeBound": null,
                        "redBound": null,
                        "resourceKindId": "resourceKind:id:4_::_",
                        "resourceKindName": "Virtual Machine",
                        "unit": "GHz",
                        "yellowBound": null
                     },
                     {
                        "colorMethod": 1,
                        "id": "extModel17088-3",
                        "isStringMetric": false,
                        "label": "Memory to Add",
                        "metricKey": "summary|undersized|memory",
                        "metricName": "Summary|Undersized|Memory",
                        "metricUnitId": "gb",
                        "orangeBound": null,
                        "redBound": null,
                        "resourceKindId": "resourceKind:id:4_::_",
                        "resourceKindName": "Virtual Machine",
                        "unit": "GB",
                        "yellowBound": null
                     },
                     {
                        "colorMethod": 1,
                        "id": "extModel8467-3",
                        "isStringMetric": false,
                        "label": "Potential Memory Consumed Increase",
                        "metricKey": "Super Metric|sm_bac94c64-ebd3-40a6-992e-7fd1b4d480b4",
                        "metricName": "Super Metrics|Rightsize - Potential Memory Consumed Increase (GB)",
                        "metricUnitId": "gb",
                        "orangeBound": null,
                        "redBound": null,
                        "resourceKindId": "resourceKind:id:4_::_",
                        "resourceKindName": "Virtual Machine",
                        "unit": "GB",
                        "yellowBound": null
                     }
                  ],
                  "resourceMetrics": [],
                  "subMode": "resourceKindAll"
               },
               "refreshContent": {"refreshContent": false},
               "refreshInterval": 300,
               "relationshipMode": {"relationshipMode": 0},
               "resInteractionMode": null,
               "resource": [],
               "selfProvider": {"selfProvider": false},
               "showMetricFullName": {"metricFullName": true},
               "title": "Undersized Details",
               "visualTheme": 2
            },
            "gridsterCoords": {
               "h": 7,
               "w": 4,
               "x": 5,
               "y": 23
            },
            "height": 381,
            "id": "e7b44eb4-75db-4564-8942-79960aa5a3cc",
            "title": "Undersized Details",
            "type": "PropertyList"
         }
      ]
   }],
   "entries": {
      "resource": [{
         "adapterKindKey": "VMWARE",
         "identifiers": [],
         "internalId": "resource:id:0_::_",
         "name": "vSphere World",
         "resourceKindKey": "vSphere World"
      }],
      "resourceKind": [
         {
            "adapterKindKey": "VMWARE",
            "internalId": "resourceKind:id:0_::_",
            "resourceKindKey": "Datacenter"
         },
         {
            "adapterKindKey": "VMWARE",
            "internalId": "resourceKind:id:2_::_",
            "resourceKindKey": "CustomDatacenter"
         },
         {
            "adapterKindKey": "VMWARE",
            "internalId": "resourceKind:id:4_::_",
            "resourceKindKey": "VirtualMachine"
         },
         {
            "adapterKindKey": "VMWARE",
            "internalId": "resourceKind:id:3_::_",
            "resourceKindKey": "ClusterComputeResource"
         },
         {
            "adapterKindKey": "VMWARE",
            "internalId": "resourceKind:id:1_::_",
            "resourceKindKey": "vSphere World"
         }
      ]
   },
   "uuid": "50638ef1-7028-412c-9fdf-30f86b1a39af"
}