{
   "dashboards": [{
      "autoswitchEnabled": false,
      "columnCount": 1,
      "columnProportion": "1",
      "creationTime": 1605901860479,
      "dashboardNavigations": {},
      "description": "",
      "disabled": false,
      "gridsterMaxColumns": 12,
      "hidden": false,
      "homeTab": false,
      "id": "14283f8e-3e04-4748-9379-55545f50e76a",
      "importAttempts": 0,
      "importComplete": true,
      "lastUpdateTime": 1605904760140,
      "lastUpdateUserId": "6df558f7-25df-4222-96b9-ade784399d19",
      "locked": false,
      "name": "Shared Dashboards (GBrandon)/Capacity/VM Rightsizing Details",
      "namePath": "Shared Dashboards (GBrandon)/Capacity",
      "rank": 0,
      "shared": false,
      "states": [{
         "key": "permDashboardTime_dashboard_14283f8e-3e04-4748-9379-55545f50e76a",
         "value": "o%3AdateFrom%3Ds%253A27/03/2020%5EdateTo%3Ds%253A29/03/2020%5EtimeFrom%3Ds%253A4%253A00%2520PM%5EtimeTo%3Ds%253A11%253A55%2520PM%5EfromMillis%3Dn%253A1585339200000%5EtoMillis%3Dn%253A1585540500000"
      }],
      "temporary": false,
      "userId": "6df558f7-25df-4222-96b9-ade784399d19",
      "widgetInteractions": [
         {
            "type": "resourceId",
            "widgetIdProvider": "36dfb00a-f1ad-47a7-bb8d-36e015413031",
            "widgetIdReceiver": "7b780e29-f232-4bd2-b79e-7e4b9dc53f01"
         },
         {
            "type": "resourceId",
            "widgetIdProvider": "36dfb00a-f1ad-47a7-bb8d-36e015413031",
            "widgetIdReceiver": "35803a78-7bfb-431b-b97b-ec681711776e"
         },
         {
            "type": "resourceId",
            "widgetIdProvider": "7b780e29-f232-4bd2-b79e-7e4b9dc53f01",
            "widgetIdReceiver": "1bcf40bf-3b92-44e0-9b68-ebc3319c9d68"
         },
         {
            "type": "resourceId",
            "widgetIdProvider": "7b780e29-f232-4bd2-b79e-7e4b9dc53f01",
            "widgetIdReceiver": "0910d55e-2127-484c-939b-08c89fd2807b"
         },
         {
            "type": "resourceId",
            "widgetIdProvider": "7b780e29-f232-4bd2-b79e-7e4b9dc53f01",
            "widgetIdReceiver": "dc6f62c3-68a5-4eaa-b186-31605db3c038"
         },
         {
            "type": "resourceId",
            "widgetIdProvider": "7b780e29-f232-4bd2-b79e-7e4b9dc53f01",
            "widgetIdReceiver": "a7d5cc99-79c3-40f8-97a8-977b0035700d"
         },
         {
            "type": "resourceId",
            "widgetIdProvider": "7b780e29-f232-4bd2-b79e-7e4b9dc53f01",
            "widgetIdReceiver": "e50dbf60-3262-441b-99ec-5f4873c30af1"
         },
         {
            "type": "resourceId",
            "widgetIdProvider": "7b780e29-f232-4bd2-b79e-7e4b9dc53f01",
            "widgetIdReceiver": "b98d7bd9-892b-4862-9a92-1d0ce211a3d4"
         },
         {
            "type": "resourceId",
            "widgetIdProvider": "7b780e29-f232-4bd2-b79e-7e4b9dc53f01",
            "widgetIdReceiver": "7b7ce148-437d-4bdf-bfd5-69a2142c3086"
         },
         {
            "type": "resourceId",
            "widgetIdProvider": "35803a78-7bfb-431b-b97b-ec681711776e",
            "widgetIdReceiver": "e50dbf60-3262-441b-99ec-5f4873c30af1"
         },
         {
            "type": "resourceId",
            "widgetIdProvider": "35803a78-7bfb-431b-b97b-ec681711776e",
            "widgetIdReceiver": "a7d5cc99-79c3-40f8-97a8-977b0035700d"
         },
         {
            "type": "resourceId",
            "widgetIdProvider": "35803a78-7bfb-431b-b97b-ec681711776e",
            "widgetIdReceiver": "1bcf40bf-3b92-44e0-9b68-ebc3319c9d68"
         },
         {
            "type": "resourceId",
            "widgetIdProvider": "35803a78-7bfb-431b-b97b-ec681711776e",
            "widgetIdReceiver": "b98d7bd9-892b-4862-9a92-1d0ce211a3d4"
         },
         {
            "type": "resourceId",
            "widgetIdProvider": "35803a78-7bfb-431b-b97b-ec681711776e",
            "widgetIdReceiver": "dc6f62c3-68a5-4eaa-b186-31605db3c038"
         },
         {
            "type": "resourceId",
            "widgetIdProvider": "35803a78-7bfb-431b-b97b-ec681711776e",
            "widgetIdReceiver": "0910d55e-2127-484c-939b-08c89fd2807b"
         },
         {
            "type": "resourceId",
            "widgetIdProvider": "35803a78-7bfb-431b-b97b-ec681711776e",
            "widgetIdReceiver": "7b7ce148-437d-4bdf-bfd5-69a2142c3086"
         },
         {
            "type": "resourceId",
            "widgetIdProvider": "35803a78-7bfb-431b-b97b-ec681711776e",
            "widgetIdReceiver": "4ef36daa-5ccd-4b0d-8dde-0eb88d830388"
         },
         {
            "type": "resourceId",
            "widgetIdProvider": "7b780e29-f232-4bd2-b79e-7e4b9dc53f01",
            "widgetIdReceiver": "4ef36daa-5ccd-4b0d-8dde-0eb88d830388"
         },
         {
            "type": "resourceId",
            "widgetIdProvider": "7b780e29-f232-4bd2-b79e-7e4b9dc53f01",
            "widgetIdReceiver": "e57ff2ef-1ed3-4328-948e-5665836799da"
         },
         {
            "type": "resourceId",
            "widgetIdProvider": "7b780e29-f232-4bd2-b79e-7e4b9dc53f01",
            "widgetIdReceiver": "d8b07dea-1182-4399-863f-ff8f98f24bd3"
         },
         {
            "type": "resourceId",
            "widgetIdProvider": "35803a78-7bfb-431b-b97b-ec681711776e",
            "widgetIdReceiver": "e57ff2ef-1ed3-4328-948e-5665836799da"
         },
         {
            "type": "resourceId",
            "widgetIdProvider": "35803a78-7bfb-431b-b97b-ec681711776e",
            "widgetIdReceiver": "d8b07dea-1182-4399-863f-ff8f98f24bd3"
         },
         {
            "type": "resourceId",
            "widgetIdProvider": "7b780e29-f232-4bd2-b79e-7e4b9dc53f01",
            "widgetIdReceiver": "e91cd7ab-897f-41f0-9056-68d57ac6b897"
         },
         {
            "type": "resourceId",
            "widgetIdProvider": "7b780e29-f232-4bd2-b79e-7e4b9dc53f01",
            "widgetIdReceiver": "31b68649-476d-4a8f-ab4f-3b8e03059ebe"
         },
         {
            "type": "resourceId",
            "widgetIdProvider": "35803a78-7bfb-431b-b97b-ec681711776e",
            "widgetIdReceiver": "e91cd7ab-897f-41f0-9056-68d57ac6b897"
         },
         {
            "type": "resourceId",
            "widgetIdProvider": "35803a78-7bfb-431b-b97b-ec681711776e",
            "widgetIdReceiver": "31b68649-476d-4a8f-ab4f-3b8e03059ebe"
         },
         {
            "type": "resourceId",
            "widgetIdProvider": "7b780e29-f232-4bd2-b79e-7e4b9dc53f01",
            "widgetIdReceiver": "47fff75a-708c-454b-8823-fbc4b856939a"
         },
         {
            "type": "resourceId",
            "widgetIdProvider": "7b780e29-f232-4bd2-b79e-7e4b9dc53f01",
            "widgetIdReceiver": "03cf33b8-26c9-4bcd-9a07-89b7fe487a4f"
         },
         {
            "type": "resourceId",
            "widgetIdProvider": "7b780e29-f232-4bd2-b79e-7e4b9dc53f01",
            "widgetIdReceiver": "f5f42a85-3942-41d3-a76b-e1dacf4872f8"
         },
         {
            "type": "resourceId",
            "widgetIdProvider": "35803a78-7bfb-431b-b97b-ec681711776e",
            "widgetIdReceiver": "47fff75a-708c-454b-8823-fbc4b856939a"
         },
         {
            "type": "resourceId",
            "widgetIdProvider": "35803a78-7bfb-431b-b97b-ec681711776e",
            "widgetIdReceiver": "03cf33b8-26c9-4bcd-9a07-89b7fe487a4f"
         },
         {
            "type": "resourceId",
            "widgetIdProvider": "35803a78-7bfb-431b-b97b-ec681711776e",
            "widgetIdReceiver": "f5f42a85-3942-41d3-a76b-e1dacf4872f8"
         },
         {
            "type": "resourceId",
            "widgetIdProvider": "7b780e29-f232-4bd2-b79e-7e4b9dc53f01",
            "widgetIdReceiver": "de1d1927-d8a7-4f9b-a684-89473c6e9173"
         },
         {
            "type": "resourceId",
            "widgetIdProvider": "35803a78-7bfb-431b-b97b-ec681711776e",
            "widgetIdReceiver": "de1d1927-d8a7-4f9b-a684-89473c6e9173"
         },
         {
            "type": "resourceId",
            "widgetIdProvider": "7b780e29-f232-4bd2-b79e-7e4b9dc53f01",
            "widgetIdReceiver": "c1a599a2-f4fc-419d-bbc0-d9851a764151"
         },
         {
            "type": "resourceId",
            "widgetIdProvider": "35803a78-7bfb-431b-b97b-ec681711776e",
            "widgetIdReceiver": "c1a599a2-f4fc-419d-bbc0-d9851a764151"
         },
         {
            "type": "resourceId",
            "widgetIdProvider": "7b780e29-f232-4bd2-b79e-7e4b9dc53f01",
            "widgetIdReceiver": "8660d016-2f73-4c6a-a633-de4b81781c9d"
         },
         {
            "type": "resourceId",
            "widgetIdProvider": "35803a78-7bfb-431b-b97b-ec681711776e",
            "widgetIdReceiver": "8660d016-2f73-4c6a-a633-de4b81781c9d"
         },
         {
            "type": "resourceId",
            "widgetIdProvider": "36dfb00a-f1ad-47a7-bb8d-36e015413031",
            "widgetIdReceiver": "c2798f1c-ccc8-4895-8097-a359cbfcb2d3"
         },
         {
            "type": "resourceId",
            "widgetIdProvider": "c2798f1c-ccc8-4895-8097-a359cbfcb2d3",
            "widgetIdReceiver": "de1d1927-d8a7-4f9b-a684-89473c6e9173"
         },
         {
            "type": "resourceId",
            "widgetIdProvider": "c2798f1c-ccc8-4895-8097-a359cbfcb2d3",
            "widgetIdReceiver": "e50dbf60-3262-441b-99ec-5f4873c30af1"
         },
         {
            "type": "resourceId",
            "widgetIdProvider": "c2798f1c-ccc8-4895-8097-a359cbfcb2d3",
            "widgetIdReceiver": "a7d5cc99-79c3-40f8-97a8-977b0035700d"
         },
         {
            "type": "resourceId",
            "widgetIdProvider": "c2798f1c-ccc8-4895-8097-a359cbfcb2d3",
            "widgetIdReceiver": "4ef36daa-5ccd-4b0d-8dde-0eb88d830388"
         },
         {
            "type": "resourceId",
            "widgetIdProvider": "c2798f1c-ccc8-4895-8097-a359cbfcb2d3",
            "widgetIdReceiver": "c1a599a2-f4fc-419d-bbc0-d9851a764151"
         },
         {
            "type": "resourceId",
            "widgetIdProvider": "c2798f1c-ccc8-4895-8097-a359cbfcb2d3",
            "widgetIdReceiver": "8660d016-2f73-4c6a-a633-de4b81781c9d"
         },
         {
            "type": "resourceId",
            "widgetIdProvider": "c2798f1c-ccc8-4895-8097-a359cbfcb2d3",
            "widgetIdReceiver": "47fff75a-708c-454b-8823-fbc4b856939a"
         },
         {
            "type": "resourceId",
            "widgetIdProvider": "c2798f1c-ccc8-4895-8097-a359cbfcb2d3",
            "widgetIdReceiver": "b98d7bd9-892b-4862-9a92-1d0ce211a3d4"
         },
         {
            "type": "resourceId",
            "widgetIdProvider": "c2798f1c-ccc8-4895-8097-a359cbfcb2d3",
            "widgetIdReceiver": "1bcf40bf-3b92-44e0-9b68-ebc3319c9d68"
         },
         {
            "type": "resourceId",
            "widgetIdProvider": "c2798f1c-ccc8-4895-8097-a359cbfcb2d3",
            "widgetIdReceiver": "d8b07dea-1182-4399-863f-ff8f98f24bd3"
         },
         {
            "type": "resourceId",
            "widgetIdProvider": "c2798f1c-ccc8-4895-8097-a359cbfcb2d3",
            "widgetIdReceiver": "f5f42a85-3942-41d3-a76b-e1dacf4872f8"
         },
         {
            "type": "resourceId",
            "widgetIdProvider": "c2798f1c-ccc8-4895-8097-a359cbfcb2d3",
            "widgetIdReceiver": "e91cd7ab-897f-41f0-9056-68d57ac6b897"
         },
         {
            "type": "resourceId",
            "widgetIdProvider": "c2798f1c-ccc8-4895-8097-a359cbfcb2d3",
            "widgetIdReceiver": "dc6f62c3-68a5-4eaa-b186-31605db3c038"
         },
         {
            "type": "resourceId",
            "widgetIdProvider": "c2798f1c-ccc8-4895-8097-a359cbfcb2d3",
            "widgetIdReceiver": "31b68649-476d-4a8f-ab4f-3b8e03059ebe"
         },
         {
            "type": "resourceId",
            "widgetIdProvider": "c2798f1c-ccc8-4895-8097-a359cbfcb2d3",
            "widgetIdReceiver": "7b7ce148-437d-4bdf-bfd5-69a2142c3086"
         },
         {
            "type": "resourceId",
            "widgetIdProvider": "c2798f1c-ccc8-4895-8097-a359cbfcb2d3",
            "widgetIdReceiver": "03cf33b8-26c9-4bcd-9a07-89b7fe487a4f"
         },
         {
            "type": "resourceId",
            "widgetIdProvider": "c2798f1c-ccc8-4895-8097-a359cbfcb2d3",
            "widgetIdReceiver": "0910d55e-2127-484c-939b-08c89fd2807b"
         }
      ],
      "widgets": [
         {
            "collapsed": false,
            "config": {
               "chartViewItems": ["legend"],
               "isUpdatedView": true,
               "refreshContent": {"refreshContent": false},
               "refreshInterval": 300,
               "resource": null,
               "selectFirstRow": {"selectFirstRow": false},
               "selfProvider": {"selfProvider": false},
               "title": "Compare CPU Recommended Size to Historical Utilization",
               "traversalSpecId": "",
               "viewDefinitionId": "b3aec065-878e-407c-829a-427c395d4dc1"
            },
            "gridsterCoords": {
               "h": 7,
               "w": 4,
               "x": 1,
               "y": 35
            },
            "height": 381,
            "id": "1bcf40bf-3b92-44e0-9b68-ebc3319c9d68",
            "states": [{
               "key": "perm_toolbarVisible_widget_14283f8e-3e04-4748-9379-55545f50e76a_1bcf40bf-3b92-44e0-9b68-ebc3319c9d68",
               "value": "b%3A0"
            }],
            "title": "Compare CPU Recommended Size to Historical Utilization",
            "type": "View"
         },
         {
            "collapsed": false,
            "config": {
               "chartViewItems": ["legend"],
               "isUpdatedView": true,
               "refreshContent": {"refreshContent": false},
               "refreshInterval": 300,
               "resource": null,
               "selectFirstRow": {"selectFirstRow": false},
               "selfProvider": {"selfProvider": false},
               "title": "Compare Memory Recommended Size to Historical Utilization",
               "traversalSpecId": "",
               "viewDefinitionId": "6cab3018-2e97-4352-9875-9ed791e73d18"
            },
            "gridsterCoords": {
               "h": 7,
               "w": 4,
               "x": 5,
               "y": 35
            },
            "height": 381,
            "id": "b98d7bd9-892b-4862-9a92-1d0ce211a3d4",
            "states": [{
               "key": "perm_toolbarVisible_widget_14283f8e-3e04-4748-9379-55545f50e76a_b98d7bd9-892b-4862-9a92-1d0ce211a3d4",
               "value": "b%3A0"
            }],
            "title": "Compare Memory Recommended Size to Historical Utilization",
            "type": "View"
         },
         {
            "collapsed": false,
            "config": {
               "chartViewItems": ["legend"],
               "isUpdatedView": true,
               "refreshContent": {"refreshContent": false},
               "refreshInterval": 300,
               "resource": null,
               "selectFirstRow": {"selectFirstRow": false},
               "selfProvider": {"selfProvider": false},
               "title": "Check for Guest Memory Paging",
               "traversalSpecId": "",
               "viewDefinitionId": "586008a4-cefb-4b9a-88dd-9596f292dfeb"
            },
            "gridsterCoords": {
               "h": 6,
               "w": 4,
               "x": 5,
               "y": 48
            },
            "height": 324,
            "id": "7b7ce148-437d-4bdf-bfd5-69a2142c3086",
            "title": "Check for Guest Memory Paging",
            "type": "View"
         },
         {
            "collapsed": false,
            "config": {
               "chartViewItems": ["legend"],
               "isUpdatedView": true,
               "refreshContent": {"refreshContent": false},
               "refreshInterval": 300,
               "resource": null,
               "selectFirstRow": {"selectFirstRow": false},
               "selfProvider": {"selfProvider": false},
               "title": "Compare CPU Queue to Total Capacity",
               "traversalSpecId": "",
               "viewDefinitionId": "fa10900c-2d88-41d6-86c9-046349ccc5bf"
            },
            "gridsterCoords": {
               "h": 6,
               "w": 4,
               "x": 1,
               "y": 48
            },
            "height": 324,
            "id": "dc6f62c3-68a5-4eaa-b186-31605db3c038",
            "states": [{
               "key": "perm_toolbarVisible_widget_14283f8e-3e04-4748-9379-55545f50e76a_dc6f62c3-68a5-4eaa-b186-31605db3c038",
               "value": "b%3A0"
            }],
            "title": "Compare CPU Queue to Total Capacity",
            "type": "View"
         },
         {
            "collapsed": false,
            "config": {
               "chartViewItems": ["legend"],
               "isUpdatedView": true,
               "refreshContent": {"refreshContent": false},
               "refreshInterval": 300,
               "resource": null,
               "selectFirstRow": {"selectFirstRow": false},
               "selfProvider": {"selfProvider": false},
               "title": "Compare Context Switch Rate to Total Capacity",
               "traversalSpecId": "",
               "viewDefinitionId": "aba68ea8-c7d9-45d3-aa45-45f9fd424480"
            },
            "gridsterCoords": {
               "h": 6,
               "w": 4,
               "x": 1,
               "y": 54
            },
            "height": 324,
            "id": "0910d55e-2127-484c-939b-08c89fd2807b",
            "states": [{
               "key": "perm_toolbarVisible_widget_14283f8e-3e04-4748-9379-55545f50e76a_0910d55e-2127-484c-939b-08c89fd2807b",
               "value": "b%3A0"
            }],
            "title": "Compare Context Switch Rate to Total Capacity",
            "type": "View"
         },
         {
            "collapsed": false,
            "config": {
               "customFilter": {
                  "excludedResources": null,
                  "filter": [],
                  "includedResources": null
               },
               "depth": 1,
               "metric": {
                  "mode": "resourceKind",
                  "resourceKindMetrics": [
                     {
                        "colorMethod": 2,
                        "id": "extModel12749-2",
                        "isStringMetric": false,
                        "label": "vCPUs",
                        "metricKey": "config|hardware|numCpu",
                        "metricName": "Configuration|Hardware|Number of virtual CPUs",
                        "metricUnitId": null,
                        "orangeBound": null,
                        "redBound": null,
                        "resourceKindId": "resourceKind:id:0_::_",
                        "resourceKindName": "Virtual Machine",
                        "unit": null,
                        "yellowBound": null
                     },
                     {
                        "colorMethod": 2,
                        "id": "extModel12749-3",
                        "isStringMetric": false,
                        "label": "Sockets",
                        "metricKey": "config|hardware|numSockets",
                        "metricName": "Configuration|Hardware|Number of virtual sockets",
                        "metricUnitId": null,
                        "orangeBound": null,
                        "redBound": null,
                        "resourceKindId": "resourceKind:id:0_::_",
                        "resourceKindName": "Virtual Machine",
                        "unit": null,
                        "yellowBound": null
                     },
                     {
                        "colorMethod": 2,
                        "id": "extModel12749-4",
                        "isStringMetric": false,
                        "label": "Cores per Socket",
                        "metricKey": "config|hardware|numCoresPerSocket",
                        "metricName": "Configuration|Hardware|Number of CPU cores per socket",
                        "metricUnitId": null,
                        "orangeBound": null,
                        "redBound": null,
                        "resourceKindId": "resourceKind:id:0_::_",
                        "resourceKindName": "Virtual Machine",
                        "unit": null,
                        "yellowBound": null
                     },
                     {
                        "colorMethod": 2,
                        "id": "extModel12749-7",
                        "isStringMetric": true,
                        "label": "vCPU Hot Add Enabled?",
                        "metricKey": "config|extraConfig|vcpu_hotadd",
                        "metricName": "Configuration|Extra Configuration|vCPU Hot Add",
                        "metricUnitId": null,
                        "orangeBound": null,
                        "redBound": null,
                        "resourceKindId": "resourceKind:id:0_::_",
                        "resourceKindName": "Virtual Machine",
                        "unit": null,
                        "yellowBound": null
                     },
                     {
                        "colorMethod": 2,
                        "id": "extModel12749-8",
                        "isStringMetric": true,
                        "label": "vCPU Hot Remove Enabled?",
                        "metricKey": "config|extraConfig|vcpu_hotremove",
                        "metricName": "Configuration|Extra Configuration|vCPU Hot Remove",
                        "metricUnitId": null,
                        "orangeBound": null,
                        "redBound": null,
                        "resourceKindId": "resourceKind:id:0_::_",
                        "resourceKindName": "Virtual Machine",
                        "unit": null,
                        "yellowBound": null
                     }
                  ],
                  "resourceMetrics": [],
                  "subMode": "resourceKindAll"
               },
               "refreshContent": {"refreshContent": false},
               "refreshInterval": 300,
               "relationshipMode": {"relationshipMode": 0},
               "resInteractionMode": null,
               "resource": [],
               "selfProvider": {"selfProvider": false},
               "showMetricFullName": {"metricFullName": false},
               "title": "VM CPU Configuration",
               "visualTheme": 2
            },
            "gridsterCoords": {
               "h": 5,
               "w": 4,
               "x": 1,
               "y": 30
            },
            "height": 267,
            "id": "e50dbf60-3262-441b-99ec-5f4873c30af1",
            "title": "VM CPU Configuration",
            "type": "PropertyList"
         },
         {
            "collapsed": false,
            "config": {
               "customFilter": {
                  "excludedResources": null,
                  "filter": [],
                  "includedResources": null
               },
               "depth": 1,
               "metric": {
                  "mode": "resourceKind",
                  "resourceKindMetrics": [
                     {
                        "colorMethod": 0,
                        "handleOldColoring": false,
                        "id": "extModel16382-1",
                        "isStringMetric": false,
                        "label": "Is Oversized?",
                        "metricKey": "summary|oversized",
                        "metricName": "Summary|Is Oversized",
                        "metricUnitId": null,
                        "orangeBound": 0.5,
                        "redBound": 1,
                        "resourceKindId": "resourceKind:id:0_::_",
                        "resourceKindName": "Virtual Machine",
                        "unit": null,
                        "yellowBound": 0.1
                     },
                     {
                        "colorMethod": 0,
                        "handleOldColoring": false,
                        "id": "extModel9371-1",
                        "isStringMetric": false,
                        "label": "Potential Cost Savings per Month",
                        "metricKey": "Super Metric|sm_0e3d6099-d2a3-49b4-8c65-b84aea91e0e7",
                        "metricName": "Super Metrics|Rightsize - Potential Cost Savings",
                        "metricUnitId": "currencymonth",
                        "orangeBound": 0.5,
                        "redBound": 1,
                        "resourceKindId": "resourceKind:id:0_::_",
                        "resourceKindName": "Virtual Machine",
                        "unit": "US$/Month",
                        "yellowBound": 0.1
                     },
                     {
                        "colorMethod": 0,
                        "handleOldColoring": false,
                        "id": "extModel16382-3",
                        "isStringMetric": false,
                        "label": "vCPUs to Remove",
                        "metricKey": "summary|oversized|vcpus",
                        "metricName": "Summary|Oversized|Virtual CPUs",
                        "metricUnitId": null,
                        "orangeBound": 0.5,
                        "redBound": 1,
                        "resourceKindId": "resourceKind:id:0_::_",
                        "resourceKindName": "Virtual Machine",
                        "unit": null,
                        "yellowBound": 0.1
                     },
                     {
                        "colorMethod": 0,
                        "handleOldColoring": false,
                        "id": "extModel9371-2",
                        "isStringMetric": false,
                        "label": "Potential CPU Usage Reclaimable",
                        "metricKey": "Super Metric|sm_ab378c76-0dce-4c09-ad8d-1c9ff8540882",
                        "metricName": "Super Metrics|Rightsize - Potential CPU Usage Reclaimable (GHz)",
                        "metricUnitId": "ghz",
                        "orangeBound": 0.5,
                        "redBound": 1,
                        "resourceKindId": "resourceKind:id:0_::_",
                        "resourceKindName": "Virtual Machine",
                        "unit": "GHz",
                        "yellowBound": 0.1
                     },
                     {
                        "colorMethod": 0,
                        "handleOldColoring": false,
                        "id": "extModel16382-2",
                        "isStringMetric": false,
                        "label": "Memory to Remove",
                        "metricKey": "summary|oversized|memory",
                        "metricName": "Summary|Oversized|Memory",
                        "metricUnitId": "gb",
                        "orangeBound": 0.5,
                        "redBound": 1,
                        "resourceKindId": "resourceKind:id:0_::_",
                        "resourceKindName": "Virtual Machine",
                        "unit": "GB",
                        "yellowBound": 0.1
                     },
                     {
                        "colorMethod": 0,
                        "handleOldColoring": false,
                        "id": "extModel9371-3",
                        "isStringMetric": false,
                        "label": "Potential Memory Consumed Reclaimable",
                        "metricKey": "Super Metric|sm_c7b28474-211e-4173-8d55-d283ce26f764",
                        "metricName": "Super Metrics|Rightsize - Potential Memory Consumed Reclaimable (GB)",
                        "metricUnitId": "gb",
                        "orangeBound": 0.5,
                        "redBound": 1,
                        "resourceKindId": "resourceKind:id:0_::_",
                        "resourceKindName": "Virtual Machine",
                        "unit": "GB",
                        "yellowBound": 0.1
                     }
                  ],
                  "resourceMetrics": [],
                  "subMode": "resourceKindAll"
               },
               "refreshContent": {"refreshContent": false},
               "refreshInterval": 300,
               "relationshipMode": {"relationshipMode": 0},
               "resInteractionMode": null,
               "resource": [],
               "selfProvider": {"selfProvider": false},
               "showMetricFullName": {"metricFullName": true},
               "title": "Oversized Details",
               "visualTheme": 2
            },
            "gridsterCoords": {
               "h": 5,
               "w": 4,
               "x": 9,
               "y": 25
            },
            "height": 267,
            "id": "4ef36daa-5ccd-4b0d-8dde-0eb88d830388",
            "states": [{
               "key": "permMetricListDataGrid_metricGrid_widget_14283f8e-3e04-4748-9379-55545f50e76a_4ef36daa-5ccd-4b0d-8dde-0eb88d830388",
               "value": "o%3Acolumns%3Da%253Ao%25253Aid%25253Ds%2525253Ah1%25255Ehidden%25253Db%2525253A1%25255Ewidth%25253Dn%2525253A100%255Eo%25253Aid%25253Ds%2525253Ah2%255Eo%25253Aid%25253Ds%2525253Ah3%255Eo%25253Aid%25253Ds%2525253Ah4"
            }],
            "title": "Oversized Details",
            "type": "PropertyList"
         },
         {
            "collapsed": false,
            "config": {
               "customFilter": {
                  "excludedResources": null,
                  "filter": [],
                  "includedResources": null
               },
               "depth": 1,
               "metric": {
                  "mode": "resourceKind",
                  "resourceKindMetrics": [
                     {
                        "colorMethod": 0,
                        "handleOldColoring": false,
                        "id": "extModel17088-1",
                        "isStringMetric": false,
                        "label": "Is Undersized",
                        "metricKey": "summary|undersized",
                        "metricName": "Summary|Is Undersized",
                        "metricUnitId": null,
                        "orangeBound": 0.5,
                        "redBound": 1,
                        "resourceKindId": "resourceKind:id:0_::_",
                        "resourceKindName": "Virtual Machine",
                        "unit": null,
                        "yellowBound": 0.1
                     },
                     {
                        "colorMethod": 0,
                        "id": "extModel8467-1",
                        "isStringMetric": false,
                        "label": "Potential Cost Increase per Month",
                        "metricKey": "Super Metric|sm_89cd8f91-2bd0-417e-8e2c-c4eeb2200f65",
                        "metricName": "Super Metrics|Rightsize - Potential Cost Increase",
                        "metricUnitId": "currencymonth",
                        "orangeBound": 0.5,
                        "redBound": 1,
                        "resourceKindId": "resourceKind:id:0_::_",
                        "resourceKindName": "Virtual Machine",
                        "unit": "US$/Month",
                        "yellowBound": 0.1
                     },
                     {
                        "colorMethod": 0,
                        "id": "extModel17088-2",
                        "isStringMetric": false,
                        "label": "vCPUs to Add",
                        "metricKey": "summary|undersized|vcpus",
                        "metricName": "Summary|Undersized|Virtual CPUs",
                        "metricUnitId": null,
                        "orangeBound": 0.5,
                        "redBound": 1,
                        "resourceKindId": "resourceKind:id:0_::_",
                        "resourceKindName": "Virtual Machine",
                        "unit": null,
                        "yellowBound": 0.1
                     },
                     {
                        "colorMethod": 0,
                        "id": "extModel8467-2",
                        "isStringMetric": false,
                        "label": "Potential CPU Usage Increase",
                        "metricKey": "Super Metric|sm_f969e72d-7775-44d7-973a-c92319fcd08b",
                        "metricName": "Super Metrics|Rightsize - Potential CPU Usage Increase (GHz)",
                        "metricUnitId": "ghz",
                        "orangeBound": 0.5,
                        "redBound": 1,
                        "resourceKindId": "resourceKind:id:0_::_",
                        "resourceKindName": "Virtual Machine",
                        "unit": "GHz",
                        "yellowBound": 0.1
                     },
                     {
                        "colorMethod": 0,
                        "id": "extModel17088-3",
                        "isStringMetric": false,
                        "label": "Memory to Add",
                        "metricKey": "summary|undersized|memory",
                        "metricName": "Summary|Undersized|Memory",
                        "metricUnitId": "gb",
                        "orangeBound": 0.5,
                        "redBound": 1,
                        "resourceKindId": "resourceKind:id:0_::_",
                        "resourceKindName": "Virtual Machine",
                        "unit": "GB",
                        "yellowBound": 0.1
                     },
                     {
                        "colorMethod": 0,
                        "id": "extModel8467-3",
                        "isStringMetric": false,
                        "label": "Potential Memory Consumed Increase",
                        "metricKey": "Super Metric|sm_bac94c64-ebd3-40a6-992e-7fd1b4d480b4",
                        "metricName": "Super Metrics|Rightsize - Potential Memory Consumed Increase (GB)",
                        "metricUnitId": "gb",
                        "orangeBound": 0.5,
                        "redBound": 1,
                        "resourceKindId": "resourceKind:id:0_::_",
                        "resourceKindName": "Virtual Machine",
                        "unit": "GB",
                        "yellowBound": 0.1
                     }
                  ],
                  "resourceMetrics": [],
                  "subMode": "resourceKindAll"
               },
               "refreshContent": {"refreshContent": false},
               "refreshInterval": 300,
               "relationshipMode": {"relationshipMode": 0},
               "resInteractionMode": null,
               "resource": [],
               "selfProvider": {"selfProvider": false},
               "showMetricFullName": {"metricFullName": true},
               "title": "Undersized Details",
               "visualTheme": 2
            },
            "gridsterCoords": {
               "h": 5,
               "w": 4,
               "x": 5,
               "y": 25
            },
            "height": 267,
            "id": "a7d5cc99-79c3-40f8-97a8-977b0035700d",
            "title": "Undersized Details",
            "type": "PropertyList"
         },
         {
            "collapsed": false,
            "config": {
               "chartViewItems": [],
               "isUpdatedView": true,
               "refreshContent": {"refreshContent": false},
               "refreshInterval": 300,
               "resource": null,
               "selectFirstRow": {"selectFirstRow": false},
               "selfProvider": {"selfProvider": false},
               "title": "Select an Oversized VM to View Recommendations",
               "traversalSpecId": "",
               "viewDefinitionId": "65e94db7-bd19-4758-9f25-9da501403772"
            },
            "gridsterCoords": {
               "h": 7,
               "w": 9,
               "x": 4,
               "y": 17
            },
            "height": 381,
            "id": "35803a78-7bfb-431b-b97b-ec681711776e",
            "states": [{
               "key": "perm_toolbarVisible_widget_14283f8e-3e04-4748-9379-55545f50e76a_35803a78-7bfb-431b-b97b-ec681711776e",
               "value": "b%3A1"
            }],
            "title": "Select an Oversized VM to View Recommendations",
            "type": "View"
         },
         {
            "collapsed": false,
            "config": {
               "chartViewItems": [],
               "isUpdatedView": true,
               "refreshContent": {"refreshContent": false},
               "refreshInterval": 300,
               "resource": null,
               "selectFirstRow": {"selectFirstRow": false},
               "selfProvider": {"selfProvider": false},
               "title": "Select an Undersized VM to View Recommendations",
               "traversalSpecId": "",
               "viewDefinitionId": "55b828da-12e3-4a3c-be05-7be66c314eac"
            },
            "gridsterCoords": {
               "h": 7,
               "w": 9,
               "x": 4,
               "y": 10
            },
            "height": 381,
            "id": "7b780e29-f232-4bd2-b79e-7e4b9dc53f01",
            "states": [{
               "key": "perm_toolbarVisible_widget_14283f8e-3e04-4748-9379-55545f50e76a_7b780e29-f232-4bd2-b79e-7e4b9dc53f01",
               "value": "b%3A1"
            }],
            "title": "Select an Undersized VM to View Recommendations",
            "type": "View"
         },
         {
            "collapsed": false,
            "config": {
               "editorData": "<div style=\"font-family: Metropolis;font-style: normal;font-weight: normal;font-size: 14px;line-height: 24px;color: #495A67;\">\n    Rightsizing is defined as changing the amount of resources allocated to a VM based on the Recommended Size for a VM.  Recommended Size is the maximum projected utilization for the projection period from the current time to 30 days after the warning threshold value for time remaining. The warning threshold is the period during which the time remaining is green. If the warning threshold value for time remaining is 120 days, which is the default value, the recommended size is the maximum projected utilization 150 days into the future.  While rightsizing a VM can reclaim capacity, the change in allocation may not equal the amount of reclaimable capacity.  Refer to <a href=\"https://docs.vmware.com/en/vRealize-Operations-Manager/8.0/com.vmware.vcom.user.doc/GUID-8D9F7E29-53E3-4462-9288-8977ED21939D.html\" target=\"_blank\" style=\"color:#0079B8;\">Capacity Analytics<\/a> page of the documentation for additional details on the capacity analytics engine.  More detailed description of Rightsizing with vRealize Operations is available at <a href=\"http://blogs.vmware.com/management/2020/01/rightsizing-vms-with-vrealize-operations.html\" target=\"_blank\" style=\"color:#0079B8;\">http://blogs.vmware.com/management/2020/01/rightsizing-vms-with-vrealize-operations.html<\/a>.\n  <br> \n  <br>\n    <b>Quantifying the effect on capacity due to rightsizing:<\/b>\n  <ul>\n    <li>\n      <b>Reclaimable CPU Usage (GHz):<\/b> If an oversized VM's CPU usage is 100MHz before rightsizing, removing vCPU's will won't change its CPU usage and it should still be at 100MHz.  This means there is no reclaimable capacity associated with overallocation of vCPUs.  Reclaimable CPU Usage for oversized VMs will always be 0 MHz.\n    <\/li>\n    <li>\n      <b>Reclaimable Memory Consumed (GB):<\/b> An oversized VM can have reclaimable memory only if consumed memory is greater than the new recommended size of the VM.  The reclaimable memory capacity is the difference between consumed memory and recommended size.\n    <\/li>\n    <li>\n      <b>Increased CPU Usage (GHz):<\/b> CPU Usage of a VM of an undersized VM is expected to be the current CPU Demand.  The difference between CPU Demand and CPU Usage is the expected increase in capacity utilized after rightsizing.\n    <\/li>\n    <li>\n      <b>Increased Memory Consumed (GB):<\/b> It can be expected for consumed memory to increase by the same amount of memory recommended to add to an undersized VM.\n    <\/li>\n  <\/ul>\n    Cost calculations can be based on either utilization or allocation depending on capacity settings for the cluster.  Utilization based cost for rightsizing is the reclaimable CPU or memory capacity (as described above) multiplied by the CPU or memory base rates.  Allocation based cost for rightsizing is the change in CPU or memory allocation multiplied by the CPU or memory allocation base rates.\n  <br> \n  <br>\n    <b>Potential Cost Savings Calculation Detail:<\/b>\n  <ul>\n    <li>\n      <b>Oversized CPU Utilization:<\/b> $0 since Reclaimable CPU Usage (GHz) is always 0\n    <\/li>\n    <li>\n      <b>Oversized Memory Utilization:<\/b> Reclaimable Memory Consumed (GB) * Cluster Memory Base Rate\n    <\/li>\n    <li>\n      <b>Oversized CPU Allocation:<\/b> vCPU(s) to Remove * Allocation Cluster CPU Base Rate\n    <\/li>\n    <li>\n      <b>Oversized Memory Allocation:<\/b> Memory to Remove * Allocation Cluster Memory Base Rate\n    <\/li>\n  <\/ul>\n    <b>Potential Cost Increase Calculation Detail:<\/b>\n  <ul>\n    <li>\n      <b>Undersized CPU Utilization:<\/b> Increased CPU Usage (GHz) * Cluster CPU Base Rate\n    <\/li>\n    <li>\n      <b>Undersized Memory Utilization:<\/b> Increased Memory Consumed (GB) * Cluster Memory Base Rate\n    <\/li>\n    <li>\n      <b>Undersized CPU Allocation:<\/b> vCPU(s) to Add * Allocation Cluster CPU Base Rate\n    <\/li>\n    <li>\n      <b>Undersized Memory Allocation:<\/b> Memory to Add * Allocation Cluster Memory Base Rate\n    <\/li>\n  <\/ul>\n    This readme can be hidden by clicking the collapse icon at the top of this widget.<\/div>",
               "locationFile": "",
               "locationUrl": "",
               "refreshContent": {"refreshContent": false},
               "refreshInterval": 300,
               "title": "About this Dashboard",
               "titleLocalized": "About this Dashboard",
               "viewModeHTML": true
            },
            "gridsterCoords": {
               "h": 9,
               "w": 8,
               "x": 1,
               "y": 1
            },
            "height": 495,
            "id": "b33c813f-9054-4e20-a35b-dc16a5b56244",
            "title": "About this Dashboard",
            "type": "TextDisplay"
         },
         {
            "collapsed": false,
            "config": {
               "chartViewItems": [],
               "isUpdatedView": true,
               "refreshContent": {"refreshContent": false},
               "refreshInterval": 300,
               "resource": {
                  "id": "Ext.vcops.chrome.model.Resource-4",
                  "resourceId": "resource:id:0_::_",
                  "resourceKindId": "002006VMWAREvSphere World",
                  "resourceName": "vSphere World",
                  "traversalSpecId": ""
               },
               "selectFirstRow": {"selectFirstRow": false},
               "selfProvider": {"selfProvider": true},
               "title": "Rightsizing - Conservative",
               "traversalSpecId": null,
               "viewDefinitionId": "a3868383-3459-45ab-bef8-b111885f9111"
            },
            "gridsterCoords": {
               "h": 8,
               "w": 4,
               "x": 9,
               "y": 1
            },
            "height": 438,
            "id": "fddd7ded-4c94-433f-8955-0f9ffc197615",
            "title": "Rightsizing - Conservative",
            "type": "View"
         },
         {
            "collapsed": true,
            "config": {
               "chartViewItems": [],
               "isUpdatedView": true,
               "refreshContent": {"refreshContent": false},
               "refreshInterval": 300,
               "resource": {
                  "id": "Ext.vcops.chrome.model.Resource-5",
                  "resourceId": "resource:id:0_::_",
                  "resourceKindId": "002006VMWAREvSphere World",
                  "resourceName": "vSphere World",
                  "traversalSpecId": ""
               },
               "selectFirstRow": {"selectFirstRow": false},
               "selfProvider": {"selfProvider": true},
               "title": "Rightsizing - Aggressive",
               "traversalSpecId": null,
               "viewDefinitionId": "66d58517-f49c-42a1-b193-04bd1387879e"
            },
            "gridsterCoords": {
               "h": 1,
               "w": 4,
               "x": 9,
               "y": 9
            },
            "height": 438,
            "id": "8c910c09-0a53-4563-a917-e875c5f67122",
            "title": "Rightsizing - Aggressive",
            "type": "View"
         },
         {
            "collapsed": false,
            "config": {
               "additionalColumns": [],
               "customFilter": {
                  "excludedResources": null,
                  "filter": [],
                  "includedResources": null
               },
               "depth": 1,
               "filterMode": "tagPicker",
               "mode": "all",
               "refreshContent": {"refreshContent": false},
               "refreshInterval": 300,
               "relationshipMode": {"relationshipMode": 0},
               "resource": [],
               "selectFirstRow": {"selectFirstRow": true},
               "selfProvider": {"selfProvider": true},
               "tagFilter": {
                  "path": [
                     "/source/kind/kind:resourceKind:id:1_::_",
                     "/source/kind/kind:resourceKind:id:2_::_",
                     "/source/kind/kind:resourceKind:id:3_::_",
                     "/source/kind/kind:resourceKind:id:4_::_"
                  ],
                  "value": {
                     "adapterInstance": [],
                     "adapterKind": [],
                     "bus": [],
                     "collector": [],
                     "day": [],
                     "exclaim": false,
                     "healthRange": [],
                     "kind": [
                        "resourceKind:id:1_::_",
                        "resourceKind:id:2_::_",
                        "resourceKind:id:3_::_",
                        "resourceKind:id:4_::_"
                     ],
                     "maintenanceSchedule": [],
                     "state": [],
                     "status": [],
                     "tag": [],
                     "tier": []
                  }
               },
               "title": "Select Cluster, Datacenter, or World Object"
            },
            "gridsterCoords": {
               "h": 15,
               "w": 3,
               "x": 1,
               "y": 10
            },
            "height": 837,
            "id": "36dfb00a-f1ad-47a7-bb8d-36e015413031",
            "states": [{
               "key": "permResGrid_widget_14283f8e-3e04-4748-9379-55545f50e76a_36dfb00a-f1ad-47a7-bb8d-36e015413031",
               "value": "o%3Acolumns%3Da%253Ao%25253Aid%25253Ds%2525253Ah1%25255Ehidden%25253Db%2525253A1%25255Ewidth%25253Dn%2525253A100%255Eo%25253Aid%25253Ds%2525253Ah2%255Eo%25253Aid%25253Ds%2525253Ah3%25255Ehidden%25253Db%2525253A1%25255Ewidth%25253Dn%2525253A100%255Eo%25253Aid%25253Ds%2525253Ah4%25255Ehidden%25253Db%2525253A1%255Eo%25253Aid%25253Ds%2525253Ah5%255Eo%25253Aid%25253Ds%2525253Ah6%25255Ehidden%25253Db%2525253A1%255Eo%25253Aid%25253Ds%2525253Ah7%25255Ehidden%25253Db%2525253A1%25255Ewidth%25253Dn%2525253A100%255Eo%25253Aid%25253Ds%2525253Ah8%25255Ehidden%25253Db%2525253A1%25255Ewidth%25253Dn%2525253A100%255Eo%25253Aid%25253Ds%2525253Ah9%25255Ehidden%25253Db%2525253A1%25255Ewidth%25253Dn%2525253A100%255Eo%25253Aid%25253Ds%2525253Ah10%25255Ehidden%25253Db%2525253A1%25255Ewidth%25253Dn%2525253A100%255Eo%25253Aid%25253Ds%2525253Ah11%25255Ehidden%25253Db%2525253A1%25255Ewidth%25253Dn%2525253A100%255Eo%25253Aid%25253Ds%2525253Ah12%25255Ehidden%25253Db%2525253A1%25255Ewidth%25253Dn%2525253A100%255Eo%25253Aid%25253Ds%2525253Ah13%25255Ehidden%25253Db%2525253A1%25255Ewidth%25253Dn%2525253A100%255Eo%25253Aid%25253Ds%2525253Ah14%25255Ehidden%25253Db%2525253A1%255Eo%25253Aid%25253Ds%2525253Ah15%25255Ehidden%25253Db%2525253A1%255Eo%25253Aid%25253Ds%2525253Ah16%25255Ehidden%25253Db%2525253A1%25255Ewidth%25253Dn%2525253A100%255Eo%25253Aid%25253Ds%2525253AresourceRating%25255Ehidden%25253Db%2525253A1%255Eo%25253Aid%25253Ds%2525253Ah18%25255Ehidden%25253Db%2525253A1%25255Ewidth%25253Dn%2525253A100%255Eo%25253Aid%25253Ds%2525253Ah19%25255Ehidden%25253Db%2525253A1%25255Ewidth%25253Dn%2525253A100%255Eo%25253Aid%25253Ds%2525253Ah20%25255Ehidden%25253Db%2525253A1%25255Ewidth%25253Dn%2525253A100%255Eo%25253Aid%25253Ds%2525253Ah21%25255Ehidden%25253Db%2525253A1%25255Ewidth%25253Dn%2525253A100%255Eo%25253Aid%25253Ds%2525253Ah22%25255Ehidden%25253Db%2525253A1%25255Ewidth%25253Dn%2525253A100%255Eo%25253Aid%25253Ds%2525253Ah23%25255Ehidden%25253Db%2525253A1%25255Ewidth%25253Dn%2525253A100%255Eo%25253Aid%25253Ds%2525253Ah24%25255Ehidden%25253Db%2525253A1%25255Ewidth%25253Dn%2525253A100%255Eo%25253Aid%25253Ds%2525253Ah25%25255Ehidden%25253Db%2525253A1%25255Ewidth%25253Dn%2525253A100%255Eo%25253Aid%25253Ds%2525253Ah26%25255Ehidden%25253Db%2525253A1%25255Ewidth%25253Dn%2525253A100%255Eo%25253Aid%25253Ds%2525253Ah27%25255Ehidden%25253Db%2525253A1%25255Ewidth%25253Dn%2525253A100%255Eo%25253Aid%25253Ds%2525253Ah28%25255Ehidden%25253Db%2525253A1%25255Ewidth%25253Dn%2525253A100%255Eo%25253Aid%25253Ds%2525253Ah29%25255Ehidden%25253Db%2525253A1%25255Ewidth%25253Dn%2525253A100%255Eo%25253Aid%25253Ds%2525253Ah30%25255Ehidden%25253Db%2525253A1%25255Ewidth%25253Dn%2525253A100%255Eo%25253Aid%25253Ds%2525253Ah31%25255Ehidden%25253Db%2525253A1%25255Ewidth%25253Dn%2525253A100%255Eo%25253Aid%25253Ds%2525253Ah32%25255Ehidden%25253Db%2525253A1%25255Ewidth%25253Dn%2525253A100%255Eo%25253Aid%25253Ds%2525253Ah33%25255Ehidden%25253Db%2525253A1%25255Ewidth%25253Dn%2525253A100%255Eo%25253Aid%25253Ds%2525253Ah34%25255Ehidden%25253Db%2525253A1%25255Ewidth%25253Dn%2525253A100%255Eo%25253Aid%25253Ds%2525253Ah35%25255Ehidden%25253Db%2525253A1%25255Ewidth%25253Dn%2525253A100%255Eo%25253Aid%25253Ds%2525253Ah36%25255Ehidden%25253Db%2525253A1%25255Ewidth%25253Dn%2525253A100%255Eo%25253Aid%25253Ds%2525253Ah37%25255Ehidden%25253Db%2525253A1%25255Ewidth%25253Dn%2525253A100%255Eo%25253Aid%25253Ds%2525253Ah38%25255Ehidden%25253Db%2525253A1%25255Ewidth%25253Dn%2525253A100%255Eo%25253Aid%25253Ds%2525253Ah39%25255Ehidden%25253Db%2525253A1%25255Ewidth%25253Dn%2525253A100%255Eo%25253Aid%25253Ds%2525253Ah40%25255Ehidden%25253Db%2525253A1%25255Ewidth%25253Dn%2525253A100%255Eo%25253Aid%25253Ds%2525253Ah41%25255Ehidden%25253Db%2525253A1%25255Ewidth%25253Dn%2525253A100%255Eo%25253Aid%25253Ds%2525253Ah42%25255Ehidden%25253Db%2525253A1%25255Ewidth%25253Dn%2525253A100%255Eo%25253Aid%25253Ds%2525253Ah43%25255Ehidden%25253Db%2525253A1%25255Ewidth%25253Dn%2525253A100%255Eo%25253Aid%25253Ds%2525253Ah44%25255Ehidden%25253Db%2525253A1%25255Ewidth%25253Dn%2525253A100%255Eo%25253Aid%25253Ds%2525253Ah45%25255Ehidden%25253Db%2525253A1%25255Ewidth%25253Dn%2525253A100%255Eo%25253Aid%25253Ds%2525253Ah46%25255Ehidden%25253Db%2525253A1%25255Ewidth%25253Dn%2525253A100%255Eo%25253Aid%25253Ds%2525253Ah47%25255Ehidden%25253Db%2525253A1%25255Ewidth%25253Dn%2525253A100%5EstoreState%3Do%253Asorters%253Da%25253Ao%2525253Aroot%2525253Ds%252525253Adata%2525255Eproperty%2525253Ds%252525253AresourceKind%2525255Edirection%2525253Ds%252525253ADESC%2525255Eid%2525253Ds%252525253AresourceKind"
            }],
            "title": "Select Cluster, Datacenter, or World Object",
            "type": "ResourceList"
         },
         {
            "collapsed": false,
            "config": {
               "chartViewItems": [],
               "isUpdatedView": true,
               "refreshContent": {"refreshContent": false},
               "refreshInterval": 300,
               "resource": null,
               "selectFirstRow": {"selectFirstRow": false},
               "selfProvider": {"selfProvider": false},
               "title": "CPU Demand MHz (95th Percentile)",
               "traversalSpecId": "",
               "viewDefinitionId": "0fddc3d3-cdbd-40ab-a4c2-c58cd104d87f"
            },
            "gridsterCoords": {
               "h": 3,
               "w": 4,
               "x": 1,
               "y": 42
            },
            "height": 153,
            "id": "e57ff2ef-1ed3-4328-948e-5665836799da",
            "title": "CPU Demand MHz (95th Percentile)",
            "type": "View"
         },
         {
            "collapsed": false,
            "config": {
               "chartViewItems": [],
               "isUpdatedView": true,
               "refreshContent": {"refreshContent": false},
               "refreshInterval": 300,
               "resource": null,
               "selectFirstRow": {"selectFirstRow": false},
               "selfProvider": {"selfProvider": false},
               "title": "Memory Utilization GB (95th Percentile)",
               "traversalSpecId": "",
               "viewDefinitionId": "ec793266-ef31-4fc6-9f2c-de8d6e54dad1"
            },
            "gridsterCoords": {
               "h": 3,
               "w": 4,
               "x": 5,
               "y": 42
            },
            "height": 153,
            "id": "d8b07dea-1182-4399-863f-ff8f98f24bd3",
            "title": "Memory Utilization GB (95th Percentile)",
            "type": "View"
         },
         {
            "collapsed": false,
            "config": {
               "chartViewItems": [],
               "isUpdatedView": true,
               "refreshContent": {"refreshContent": false},
               "refreshInterval": 300,
               "resource": null,
               "selectFirstRow": {"selectFirstRow": false},
               "selfProvider": {"selfProvider": false},
               "title": "CPU Workload % (95th Percentile)",
               "traversalSpecId": "",
               "viewDefinitionId": "14c19df1-9ec1-4f89-824a-4a453ba62ce6"
            },
            "gridsterCoords": {
               "h": 3,
               "w": 4,
               "x": 1,
               "y": 45
            },
            "height": 153,
            "id": "e91cd7ab-897f-41f0-9056-68d57ac6b897",
            "title": "CPU Workload % (95th Percentile)",
            "type": "View"
         },
         {
            "collapsed": false,
            "config": {
               "chartViewItems": [],
               "isUpdatedView": true,
               "refreshContent": {"refreshContent": false},
               "refreshInterval": 300,
               "resource": null,
               "selectFirstRow": {"selectFirstRow": false},
               "selfProvider": {"selfProvider": false},
               "title": "Memory Workload % (95th Percentile)",
               "traversalSpecId": "",
               "viewDefinitionId": "06217e9f-54a2-46f5-9703-2331aa7cc8a2"
            },
            "gridsterCoords": {
               "h": 3,
               "w": 4,
               "x": 5,
               "y": 45
            },
            "height": 153,
            "id": "31b68649-476d-4a8f-ab4f-3b8e03059ebe",
            "title": "Memory Workload % (95th Percentile)",
            "type": "View"
         },
         {
            "collapsed": false,
            "config": {
               "chartViewItems": ["legend"],
               "isUpdatedView": true,
               "refreshContent": {"refreshContent": false},
               "refreshInterval": 300,
               "resource": null,
               "selectFirstRow": {"selectFirstRow": false},
               "selfProvider": {"selfProvider": false},
               "title": "Compare Disk Space Recommended Size to Historical Utilization",
               "traversalSpecId": "",
               "viewDefinitionId": "9ae58719-8552-4b8b-826b-d28e78123bb2"
            },
            "gridsterCoords": {
               "h": 7,
               "w": 4,
               "x": 9,
               "y": 35
            },
            "height": 381,
            "id": "47fff75a-708c-454b-8823-fbc4b856939a",
            "title": "Compare Disk Space Recommended Size to Historical Utilization",
            "type": "View"
         },
         {
            "collapsed": false,
            "config": {
               "chartViewItems": [],
               "isUpdatedView": true,
               "refreshContent": {"refreshContent": false},
               "refreshInterval": 300,
               "resource": null,
               "selectFirstRow": {"selectFirstRow": false},
               "selfProvider": {"selfProvider": false},
               "title": "Guest Filesystems",
               "traversalSpecId": "",
               "viewDefinitionId": "10436078-caa2-41cd-af02-eb0260a76604"
            },
            "gridsterCoords": {
               "h": 6,
               "w": 4,
               "x": 9,
               "y": 48
            },
            "height": 324,
            "id": "03cf33b8-26c9-4bcd-9a07-89b7fe487a4f",
            "title": "Guest Filesystems",
            "type": "View"
         },
         {
            "collapsed": false,
            "config": {
               "chartViewItems": [],
               "isUpdatedView": true,
               "refreshContent": {"refreshContent": false},
               "refreshInterval": 300,
               "resource": null,
               "selectFirstRow": {"selectFirstRow": false},
               "selfProvider": {"selfProvider": false},
               "title": "Virtual Disks",
               "traversalSpecId": "",
               "viewDefinitionId": "4bdf2244-8131-4fbf-9598-49f9718c6d4f"
            },
            "gridsterCoords": {
               "h": 6,
               "w": 4,
               "x": 9,
               "y": 42
            },
            "height": 324,
            "id": "f5f42a85-3942-41d3-a76b-e1dacf4872f8",
            "title": "Virtual Disks",
            "type": "View"
         },
         {
            "collapsed": false,
            "config": {
               "customFilter": {
                  "excludedResources": null,
                  "filter": [],
                  "includedResources": null
               },
               "depth": 1,
               "metric": {
                  "mode": "resourceKind",
                  "resourceKindMetrics": [
                     {
                        "colorMethod": 2,
                        "id": "extModel12749-1",
                        "isStringMetric": true,
                        "label": "Name",
                        "metricKey": "config|name",
                        "metricName": "Configuration|Name",
                        "metricUnitId": null,
                        "orangeBound": null,
                        "redBound": null,
                        "resourceKindId": "resourceKind:id:0_::_",
                        "resourceKindName": "Virtual Machine",
                        "unit": null,
                        "yellowBound": null
                     },
                     {
                        "colorMethod": 2,
                        "id": "extModel23504-1",
                        "isStringMetric": false,
                        "label": "Projected Cost this Month",
                        "metricKey": "cost|effectiveProjectedTotalCost",
                        "metricName": "Cost|Monthly Effective Projected Total Cost",
                        "metricUnitId": "currencymonth",
                        "orangeBound": null,
                        "redBound": null,
                        "resourceKindId": "resourceKind:id:0_::_",
                        "resourceKindName": "Virtual Machine",
                        "unit": "US$/Month",
                        "yellowBound": null
                     },
                     {
                        "colorMethod": 0,
                        "handleOldColoring": false,
                        "id": "extModel56106-1",
                        "isStringMetric": true,
                        "label": "VM Tools Running Status",
                        "metricKey": "summary|guest|toolsRunningStatus",
                        "metricName": "Summary|Guest Operating System|Tools Running Status",
                        "metricUnitId": null,
                        "orangeBound": "Guest Tools Not Running",
                        "redBound": "Guest Tools Not Running",
                        "resourceKindId": "resourceKind:id:0_::_",
                        "resourceKindName": "Virtual Machine",
                        "unit": "",
                        "yellowBound": "Guest Tools Not Running"
                     },
                     {
                        "colorMethod": 2,
                        "handleOldColoring": false,
                        "id": "extModel56106-3",
                        "isStringMetric": true,
                        "label": "VM Tools Version Status",
                        "metricKey": "summary|guest|toolsVersionStatus2",
                        "metricName": "Summary|Guest Operating System|Tools Version Status",
                        "metricUnitId": null,
                        "orangeBound": null,
                        "redBound": null,
                        "resourceKindId": "resourceKind:id:0_::_",
                        "resourceKindName": "Virtual Machine",
                        "unit": "",
                        "yellowBound": null
                     },
                     {
                        "colorMethod": 2,
                        "handleOldColoring": false,
                        "id": "extModel56106-2",
                        "isStringMetric": true,
                        "label": "VM Tools Version",
                        "metricKey": "summary|guest|toolsVersion",
                        "metricName": "Summary|Guest Operating System|Tools Version",
                        "metricUnitId": null,
                        "orangeBound": null,
                        "redBound": null,
                        "resourceKindId": "resourceKind:id:0_::_",
                        "resourceKindName": "Virtual Machine",
                        "unit": "",
                        "yellowBound": null
                     }
                  ],
                  "resourceMetrics": [],
                  "subMode": "resourceKindAll"
               },
               "refreshContent": {"refreshContent": false},
               "refreshInterval": 300,
               "relationshipMode": {"relationshipMode": 0},
               "resInteractionMode": null,
               "resource": [],
               "selfProvider": {"selfProvider": false},
               "showMetricFullName": {"metricFullName": false},
               "title": "VM Status",
               "visualTheme": 2
            },
            "gridsterCoords": {
               "h": 5,
               "w": 4,
               "x": 1,
               "y": 25
            },
            "height": 267,
            "id": "de1d1927-d8a7-4f9b-a684-89473c6e9173",
            "title": "VM Status",
            "type": "PropertyList"
         },
         {
            "collapsed": false,
            "config": {
               "customFilter": {
                  "excludedResources": null,
                  "filter": [],
                  "includedResources": null
               },
               "depth": 1,
               "metric": {
                  "mode": "resourceKind",
                  "resourceKindMetrics": [
                     {
                        "colorMethod": 0,
                        "handleOldColoring": false,
                        "id": "extModel63963-1",
                        "isStringMetric": false,
                        "label": "Guest Memory Not Collecting",
                        "metricKey": "mem|guestOSMemNotCollecting",
                        "metricName": "Memory|Guest OS Memory not collecting",
                        "metricUnitId": null,
                        "orangeBound": 0.5,
                        "redBound": 1,
                        "resourceKindId": "resourceKind:id:0_::_",
                        "resourceKindName": "Virtual Machine",
                        "unit": "",
                        "yellowBound": 0.1
                     },
                     {
                        "colorMethod": 2,
                        "id": "extModel12749-5",
                        "isStringMetric": false,
                        "label": "Memory",
                        "metricKey": "config|hardware|memoryKB",
                        "metricName": "Configuration|Hardware|Memory",
                        "metricUnitId": "gb",
                        "orangeBound": null,
                        "redBound": null,
                        "resourceKindId": "resourceKind:id:0_::_",
                        "resourceKindName": "Virtual Machine",
                        "unit": "GB",
                        "yellowBound": null
                     },
                     {
                        "colorMethod": 2,
                        "id": "extModel12749-6",
                        "isStringMetric": true,
                        "label": "Memory Hot Add Enabled?",
                        "metricKey": "config|extraConfig|mem_hotadd",
                        "metricName": "Configuration|Extra Configuration|Memory Hot Add",
                        "metricUnitId": null,
                        "orangeBound": null,
                        "redBound": null,
                        "resourceKindId": "resourceKind:id:0_::_",
                        "resourceKindName": "Virtual Machine",
                        "unit": null,
                        "yellowBound": null
                     }
                  ],
                  "resourceMetrics": [],
                  "subMode": "resourceKindAll"
               },
               "refreshContent": {"refreshContent": false},
               "refreshInterval": 300,
               "relationshipMode": {"relationshipMode": 0},
               "resInteractionMode": null,
               "resource": [],
               "selfProvider": {"selfProvider": false},
               "showMetricFullName": {"metricFullName": false},
               "title": "VM Memory Configuration",
               "visualTheme": 2
            },
            "gridsterCoords": {
               "h": 5,
               "w": 4,
               "x": 5,
               "y": 30
            },
            "height": 267,
            "id": "c1a599a2-f4fc-419d-bbc0-d9851a764151",
            "title": "VM Memory Configuration",
            "type": "PropertyList"
         },
         {
            "collapsed": false,
            "config": {
               "chartViewItems": [],
               "isUpdatedView": true,
               "refreshContent": {"refreshContent": false},
               "refreshInterval": 300,
               "resource": null,
               "selectFirstRow": {"selectFirstRow": false},
               "selfProvider": {"selfProvider": false},
               "title": "Additional Information",
               "traversalSpecId": "",
               "viewDefinitionId": "ddcf839a-ec14-45b2-9cff-387e9cafe65e"
            },
            "gridsterCoords": {
               "h": 5,
               "w": 4,
               "x": 9,
               "y": 30
            },
            "height": 267,
            "id": "8660d016-2f73-4c6a-a633-de4b81781c9d",
            "title": "Additional Information",
            "type": "View"
         },
         {
            "collapsed": true,
            "config": {
               "chartViewItems": [],
               "isUpdatedView": true,
               "refreshContent": {"refreshContent": false},
               "refreshInterval": 300,
               "resource": null,
               "selectFirstRow": {"selectFirstRow": false},
               "selfProvider": {"selfProvider": false},
               "title": "Search for a VM to View Recommendations",
               "traversalSpecId": "",
               "viewDefinitionId": "86898ddd-5808-4f3e-8d53-05d384820011"
            },
            "gridsterCoords": {
               "h": 1,
               "w": 9,
               "x": 4,
               "y": 24
            },
            "height": 381,
            "id": "c2798f1c-ccc8-4895-8097-a359cbfcb2d3",
            "states": [{
               "key": "perm_toolbarVisible_widget_14283f8e-3e04-4748-9379-55545f50e76a_c2798f1c-ccc8-4895-8097-a359cbfcb2d3",
               "value": "b%3A1"
            }],
            "title": "Search for a VM to View Recommendations",
            "type": "View"
         }
      ]
   }],
   "entries": {
      "resource": [{
         "adapterKindKey": "VMWARE",
         "identifiers": [],
         "internalId": "resource:id:0_::_",
         "name": "vSphere World",
         "resourceKindKey": "vSphere World"
      }],
      "resourceKind": [
         {
            "adapterKindKey": "VMWARE",
            "internalId": "resourceKind:id:4_::_",
            "resourceKindKey": "Datacenter"
         },
         {
            "adapterKindKey": "VMWARE",
            "internalId": "resourceKind:id:0_::_",
            "resourceKindKey": "VirtualMachine"
         },
         {
            "adapterKindKey": "VMWARE",
            "internalId": "resourceKind:id:2_::_",
            "resourceKindKey": "CustomDatacenter"
         },
         {
            "adapterKindKey": "VMWARE",
            "internalId": "resourceKind:id:3_::_",
            "resourceKindKey": "ClusterComputeResource"
         },
         {
            "adapterKindKey": "VMWARE",
            "internalId": "resourceKind:id:1_::_",
            "resourceKindKey": "vSphere World"
         }
      ]
   },
   "uuid": "573dec21-a191-4a94-8e51-fd646294c64f"
}